baseMean,log2FoldChange,lfcSE,stat,pvalue,padj,feature_id,name,biotype,description,rank,is_interesting,patient_1,patient_2,patient_3,patient_6,patient_7,patient_8
2756.040418,-7.441468871,0.651044987,-11.43003789,2.96E-30,4.59E-27,ENSG00000107562,CXCL12,protein_coding,C-X-C motif chemokine ligand 12 [Source:HGNC Symbol;Acc:HGNC:10672],1,yes,-3.477619606,-7.250946399,-10.82514696,-9.265346663,-7.812595323,-5.923037104
2192.252271,-6.744356441,0.400186702,-16.85302489,9.97E-64,1.55E-59,ENSG00000198417,MT1F,protein_coding,metallothionein 1F [Source:HGNC Symbol;Acc:HGNC:7398],2,yes,-5.85240566,-8.942925865,-6.793850832,-6.71871363,-6.20236171,-6.742042057
7388.866649,-6.500652782,0.498409438,-13.04279631,6.98E-39,1.81E-35,ENSG00000187193,MT1X,protein_coding,metallothionein 1X [Source:HGNC Symbol;Acc:HGNC:7405],3,yes,-6.321932321,-5.631053572,-5.643770642,-8.593046645,-4.896842539,-8.209659688
10690.63687,-6.268630767,0.701196068,-8.93991147,3.89E-19,1.95E-16,ENSG00000113600,C9,protein_coding,complement C9 [Source:HGNC Symbol;Acc:HGNC:1358],4,yes,-13.91710461,-5.732215248,-4.208281724,-6.738058363,-6.672628104,-4.760528493
1621.786001,-5.921424654,0.587616296,-10.07702593,6.98E-24,5.70E-21,ENSG00000173918,C1QTNF1,protein_coding,C1q and TNF related 1 [Source:HGNC Symbol;Acc:HGNC:14324],5,yes,-2.718976833,-5.6960804,-5.363324127,-8.767937981,-7.524663435,-5.466967483
43250.70621,-5.727894142,0.58602342,-9.774172744,1.45E-22,9.81E-20,ENSG00000125148,MT2A,protein_coding,metallothionein 2A [Source:HGNC Symbol;Acc:HGNC:7406],6,yes,-4.000208743,-6.45178673,-4.995554934,-9.339758259,-3.654157742,-6.643874393
693.5756849,-5.714384504,0.600858784,-9.510361923,1.90E-21,1.18E-18,ENSG00000138315,OIT3,protein_coding,oncoprotein induced transcript 3 [Source:HGNC Symbol;Acc:HGNC:29953],7,yes,-3.976644961,-6.271931556,-7.820495605,-7.748712599,-2.604762125,-5.731930968
2171.289564,-5.328012436,0.542299204,-9.82485756,8.80E-23,6.21E-20,ENSG00000116882,HAO2,protein_coding,hydroxyacid oxidase 2 [Source:HGNC Symbol;Acc:HGNC:4810],8,yes,-5.746932171,-7.842184278,-4.001276068,-3.039420783,-4.821456692,-6.987567522
1009.553539,-5.297264084,0.747551606,-7.086151702,1.38E-12,2.12E-10,ENSG00000114200,BCHE,protein_coding,butyrylcholinesterase [Source:HGNC Symbol;Acc:HGNC:983],9,yes,-8.16717942,-6.313183206,-1.139042724,-6.299079825,-0.868036182,-6.681767624
1464.882218,-5.267405065,0.530829942,-9.922961484,3.31E-23,2.57E-20,ENSG00000163687,DNASE1L3,protein_coding,deoxyribonuclease 1 like 3 [Source:HGNC Symbol;Acc:HGNC:2959],10,yes,-1.963739741,-5.046966563,-6.688881273,-5.143864648,-5.503985867,-6.594801151
9201.039593,-5.196648058,0.737027353,-7.050821158,1.78E-12,2.63E-10,ENSG00000140107,SLC25A47,protein_coding,solute carrier family 25 member 47 [Source:HGNC Symbol;Acc:HGNC:20115],11,yes,-8.550976416,-0.775715858,-9.440391324,-4.428018407,-3.931563038,-4.80969514
3773.064341,-5.148709602,0.553763597,-9.297667149,1.44E-20,7.96E-18,ENSG00000175336,APOF,protein_coding,apolipoprotein F [Source:HGNC Symbol;Acc:HGNC:615],12,yes,-6.715214441,-4.332398961,-2.781687962,-7.032124085,-3.464755407,-6.43119262
1239.031136,-5.063995699,0.664529236,-7.620425745,2.53E-14,5.30E-12,ENSG00000197859,ADAMTSL2,protein_coding,ADAMTS like 2 [Source:HGNC Symbol;Acc:HGNC:14631],13,yes,-2.468933094,-2.033977827,-5.584377358,-7.60086023,-8.23663946,-4.691391124
476.7310757,-5.035736428,0.602763665,-8.354412711,6.58E-17,2.22E-14,ENSG00000123454,DBH,protein_coding,dopamine beta-hydroxylase [Source:HGNC Symbol;Acc:HGNC:2689],14,yes,-5.714566933,-7.625747461,-2.21859042,-6.958995338,-3.547942704,-4.433380482
574.3279935,-4.95118957,0.571993976,-8.656016988,4.89E-18,2.00E-15,ENSG00000197580,BCO2,protein_coding,beta-carotene oxygenase 2 [Source:HGNC Symbol;Acc:HGNC:18503],15,yes,-3.325114844,-6.230071026,-3.589091178,-4.742704866,-4.470624688,-8.807139907
44153.13969,-4.893103642,1.354790191,-3.611705838,0.00030419,0.003596362,ENSG00000130649,CYP2E1,protein_coding,cytochrome P450 family 2 subfamily E member 1 [Source:HGNC Symbol;Acc:HGNC:2631],16,no,-3.169258768,-1.092967493,-13.72424582,-12.65966464,-1.307568109,-5.655434499
1184.582071,-4.774131082,0.689556522,-6.92348043,4.41E-12,6.16E-10,ENSG00000172425,TTC36,protein_coding,tetratricopeptide repeat domain 36 [Source:HGNC Symbol;Acc:HGNC:33708],17,no,-5.91392556,-5.282185296,-3.953257777,-2.344544821,-10.86244232,-3.082247146
1768.259726,-4.637760571,0.445243762,-10.41622807,2.09E-25,1.91E-22,ENSG00000244734,HBB,protein_coding,hemoglobin subunit beta [Source:HGNC Symbol;Acc:HGNC:4827],18,no,-2.731107203,-5.317527621,-4.244730105,-5.879556292,-5.503667883,-4.0068299
701.0181835,-4.620979119,0.771351791,-5.99075438,2.09E-09,1.54E-07,ENSG00000108691,CCL2,protein_coding,C-C motif chemokine ligand 2 [Source:HGNC Symbol;Acc:HGNC:10618],19,no,0.241925749,-5.478458656,-3.905004412,-6.92075299,-9.789829615,-2.314693232
3838.677054,-4.539061814,0.6322292,-7.179456143,7.00E-13,1.14E-10,ENSG00000101981,F9,protein_coding,coagulation factor IX [Source:HGNC Symbol;Acc:HGNC:3551],20,no,-6.247380665,-2.702401229,-7.236811441,-2.658491097,-2.072436088,-6.440291202
5474.078459,-4.425359858,0.459809838,-9.624326176,6.31E-22,4.08E-19,ENSG00000160932,LY6E,protein_coding,lymphocyte antigen 6 family member E [Source:HGNC Symbol;Acc:HGNC:6727],21,no,-3.29937098,-6.683058738,-5.047557436,-4.2677631,-4.493640694,-3.032189136
1544.524717,-4.42119545,0.614872498,-7.190426417,6.46E-13,1.07E-10,ENSG00000176907,TCIM,protein_coding,transcriptional and immune response regulator [Source:HGNC Symbol;Acc:HGNC:1357],22,no,-2.830788435,-6.767371694,-1.529595149,-5.806992245,-3.090061699,-6.446234732
1717.356614,-4.412981138,0.705741956,-6.252966965,4.03E-10,3.63E-08,ENSG00000159650,UROC1,protein_coding,urocanate hydratase 1 [Source:HGNC Symbol;Acc:HGNC:26444],23,no,0.398686291,-2.704489903,-8.663642804,-5.168976934,-4.965396136,-4.770212943
22770.74688,-4.390931028,0.812918993,-5.401437368,6.61E-08,2.95E-06,ENSG00000160868,CYP3A4,protein_coding,cytochrome P450 family 3 subfamily A member 4 [Source:HGNC Symbol;Acc:HGNC:2637],24,no,-1.574694731,0.96640718,-7.496350563,-7.755698359,-6.949727772,-2.320230826
183.8695127,-4.351010637,0.618398084,-7.035938099,1.98E-12,2.90E-10,ENSG00000176788,BASP1,protein_coding,brain abundant membrane attached signal protein 1 [Source:HGNC Symbol;Acc:HGNC:957],25,no,-2.375740917,-7.153058369,-4.885773322,-6.374258948,-3.350476031,-2.726995763
2022.586915,-4.346956849,0.713276724,-6.094348381,1.10E-09,8.79E-08,ENSG00000149124,GLYAT,protein_coding,glycine-N-acyltransferase [Source:HGNC Symbol;Acc:HGNC:13734],26,no,-5.238983422,0.559988897,-8.347901063,-5.988539614,-3.131929657,-3.293840485
700.7703388,-4.346497983,0.647953135,-6.708043759,1.97E-11,2.45E-09,ENSG00000109511,ANXA10,protein_coding,annexin A10 [Source:HGNC Symbol;Acc:HGNC:534],27,no,-6.488345193,-1.892351613,-1.862255951,-7.815259861,-4.759848618,-3.8103529
329.3505426,-4.284078931,0.586012928,-7.310553616,2.66E-13,4.80E-11,ENSG00000130812,ANGPTL6,protein_coding,angiopoietin like 6 [Source:HGNC Symbol;Acc:HGNC:23140],28,no,-2.278029708,-4.241608182,-8.517466873,-5.049882134,-3.180599768,-3.971942042
3609.9193,-4.257076086,0.733232439,-5.805902544,6.40E-09,4.01E-07,ENSG00000170509,HSD17B13,protein_coding,hydroxysteroid 17-beta dehydrogenase 13 [Source:HGNC Symbol;Acc:HGNC:18685],29,no,-9.353523259,-1.917785934,-5.459230243,-1.818662631,-6.621196263,-2.045231212
1021.231936,-4.248267816,0.514106555,-8.26339944,1.42E-16,4.31E-14,ENSG00000099998,GGT5,protein_coding,gamma-glutamyltransferase 5 [Source:HGNC Symbol;Acc:HGNC:4260],30,no,-1.419564902,-3.619378938,-5.833565748,-5.250475242,-5.003946961,-3.959212577
5160.945935,-4.228807364,0.546251808,-7.741498149,9.83E-15,2.47E-12,ENSG00000139547,RDH16,protein_coding,retinol dehydrogenase 16 [Source:HGNC Symbol;Acc:HGNC:29674],31,no,-6.930902993,-2.38299834,-5.74888918,-2.465502225,-4.491829124,-3.674834711
1365.066466,-4.178378235,0.785598626,-5.318718869,1.05E-07,4.34E-06,ENSG00000198077,CYP2A7,protein_coding,cytochrome P450 family 2 subfamily A member 7 [Source:HGNC Symbol;Acc:HGNC:2611],32,no,-4.709778694,-0.542016085,-4.702427805,-8.937007299,-5.799166769,0.576450467
911.0212135,-4.168588289,0.681943806,-6.112803218,9.79E-10,7.91E-08,ENSG00000164120,HPGD,protein_coding,15-hydroxyprostaglandin dehydrogenase [Source:HGNC Symbol;Acc:HGNC:5154],33,no,-6.971373524,-7.236513437,-1.895685622,-4.329734385,-4.188376565,-0.429234748
28491.32601,-4.129360007,0.725593089,-5.691013417,1.26E-08,7.05E-07,ENSG00000166741,NNMT,protein_coding,nicotinamide N-methyltransferase [Source:HGNC Symbol;Acc:HGNC:7861],34,no,-0.881170259,-5.119729049,0.078064339,-7.519511308,-3.763476282,-6.512810383
18879.90233,-4.119126898,1.101612485,-3.739179572,0.000184622,0.002408306,ENSG00000134339,SAA2,protein_coding,serum amyloid A2 [Source:HGNC Symbol;Acc:HGNC:10514],35,no,-1.920020148,-6.980312512,-6.082707623,-1.278935305,0.290389047,-9.675659469
1252.61727,-4.051154838,0.669491562,-6.051091705,1.44E-09,1.12E-07,ENSG00000106624,AEBP1,protein_coding,AE binding protein 1 [Source:HGNC Symbol;Acc:HGNC:303],36,no,-0.378119539,-3.90296772,-7.396110157,-5.784812859,-4.847667533,-1.607740207
65257.1589,-4.025122852,0.707352839,-5.690403192,1.27E-08,7.05E-07,ENSG00000173432,SAA1,protein_coding,serum amyloid A1 [Source:HGNC Symbol;Acc:HGNC:10513],37,no,-2.556409105,-6.529116355,-4.507498624,-2.931243881,0.332761564,-7.888948594
289.1993124,-4.004772302,0.549759705,-7.28458682,3.23E-13,5.57E-11,ENSG00000116774,OLFML3,protein_coding,olfactomedin like 3 [Source:HGNC Symbol;Acc:HGNC:24956],38,no,-2.799653355,-6.902878768,-2.467594958,-4.700332137,-4.910624408,-2.942724454
207.9640166,-3.983802796,0.505642931,-7.878687804,3.31E-15,9.17E-13,ENSG00000006638,TBXA2R,protein_coding,thromboxane A2 receptor [Source:HGNC Symbol;Acc:HGNC:11608],39,no,-2.508714782,-4.633263928,-3.410109464,-3.209877819,-6.441375226,-4.37083631
1005.738605,-3.973317012,0.422919161,-9.394979885,5.72E-21,3.42E-18,ENSG00000155666,KDM8,protein_coding,lysine demethylase 8 [Source:HGNC Symbol;Acc:HGNC:25840],40,no,-3.934077654,-3.080882771,-5.459005748,-4.479525966,-2.557406392,-4.320367283
102.9870255,-3.934463761,0.449393482,-8.755053018,2.04E-18,9.31E-16,ENSG00000144820,ADGRG7,protein_coding,adhesion G protein-coupled receptor G7 [Source:HGNC Symbol;Acc:HGNC:19241],41,no,-4.005234578,-4.079188473,-3.237085223,-4.560445962,-3.470279174,-4.358238956
605.4470113,-3.917478473,0.704269528,-5.562470502,2.66E-08,1.36E-06,ENSG00000127954,STEAP4,protein_coding,STEAP4 metalloreductase [Source:HGNC Symbol;Acc:HGNC:21923],42,no,-0.633952939,-2.778018938,-1.153280342,-6.676364496,-5.338477185,-6.779125531
5291.438052,-3.914839125,0.643165491,-6.08683019,1.15E-09,9.12E-08,ENSG00000170345,FOS,protein_coding,"Fos proto-oncogene, AP-1 transcription factor subunit [Source:HGNC Symbol;Acc:HGNC:3796]",43,no,-0.760500988,-4.048099994,-1.228909192,-6.786113515,-4.254696859,-5.950349213
2220.664942,-3.912473095,0.750173059,-5.21542736,1.83E-07,7.03E-06,ENSG00000125968,ID1,protein_coding,"inhibitor of DNA binding 1, HLH protein [Source:HGNC Symbol;Acc:HGNC:5360]",44,no,-0.918460256,-7.578717908,0.244270264,-6.365550774,-2.659975095,-5.680774374
288.3998841,-3.906188233,0.528438664,-7.39194252,1.45E-13,2.74E-11,ENSG00000091831,ESR1,protein_coding,estrogen receptor 1 [Source:HGNC Symbol;Acc:HGNC:3467],45,no,-5.318659822,-4.417429223,-1.468755458,-5.440864346,-3.185416785,-3.588851884
569.8333491,-3.885289107,0.760675624,-5.107681891,3.26E-07,1.13E-05,ENSG00000164742,ADCY1,protein_coding,adenylate cyclase 1 [Source:HGNC Symbol;Acc:HGNC:232],46,no,-3.410555687,1.142205764,-5.210613012,-5.935801393,-7.587416761,-1.064348782
6354.050199,-3.885120876,0.67278763,-5.774661572,7.71E-09,4.64E-07,ENSG00000175003,SLC22A1,protein_coding,solute carrier family 22 member 1 [Source:HGNC Symbol;Acc:HGNC:10963],47,no,-0.729267403,-2.621934668,-5.152279826,-4.39954315,-2.947441045,-8.835478925
3343.025048,-3.882854229,0.454242701,-8.547972742,1.25E-17,4.74E-15,ENSG00000151790,TDO2,protein_coding,"tryptophan 2,3-dioxygenase [Source:HGNC Symbol;Acc:HGNC:11708]",48,no,-5.34925175,-4.871995086,-2.699978982,-2.840298439,-2.760181695,-4.831268757
7377.982416,-3.862165877,0.49854698,-7.746844401,9.42E-15,2.44E-12,ENSG00000182492,BGN,protein_coding,biglycan [Source:HGNC Symbol;Acc:HGNC:1044],49,no,-2.233963107,-3.927032839,-2.732899203,-6.714251298,-4.162329283,-3.871132379
3286.828304,-3.860662331,0.702192127,-5.498014267,3.84E-08,1.88E-06,ENSG00000100652,SLC10A1,protein_coding,solute carrier family 10 member 1 [Source:HGNC Symbol;Acc:HGNC:10905],50,no,-5.045359102,0.825577388,-7.098245959,-5.819435537,-3.103411104,-1.859523201
560.2015268,-3.853065001,0.609873164,-6.31781365,2.65E-10,2.53E-08,ENSG00000085552,IGSF9,protein_coding,immunoglobulin superfamily member 9 [Source:HGNC Symbol;Acc:HGNC:18132],51,no,-5.67625486,-3.867212667,-2.265227544,-1.24277291,-3.615580976,-6.874784994
549.3755761,-3.843175101,0.535725115,-7.173781838,7.30E-13,1.18E-10,ENSG00000186732,MPPED1,protein_coding,metallophosphoesterase domain containing 1 [Source:HGNC Symbol;Acc:HGNC:1306],52,no,-4.644636441,-2.091679417,-2.151063702,-5.408933999,-3.041250185,-5.765773481
19380.4111,-3.84228654,0.659578813,-5.825363803,5.70E-09,3.66E-07,ENSG00000255974,CYP2A6,protein_coding,cytochrome P450 family 2 subfamily A member 6 [Source:HGNC Symbol;Acc:HGNC:2610],53,no,-4.807197111,-0.322561053,-6.535119024,-6.07462825,-3.430256019,-1.215051725
4364.249693,-3.832339483,0.433210879,-8.846360207,9.04E-19,4.25E-16,ENSG00000186910,SERPINA11,protein_coding,serpin family A member 11 [Source:HGNC Symbol;Acc:HGNC:19193],54,no,-4.904131949,-3.765079882,-5.464003074,-2.363577819,-3.251746353,-3.334909384
4055.706232,-3.748161755,0.722674456,-5.186514788,2.14E-07,7.98E-06,ENSG00000117594,HSD11B1,protein_coding,hydroxysteroid 11-beta dehydrogenase 1 [Source:HGNC Symbol;Acc:HGNC:5208],55,no,-4.373610861,1.395784517,-8.654722863,-2.848239614,-3.372495589,-4.429564795
248.7342908,-3.744828738,0.550370603,-6.80419469,1.02E-11,1.31E-09,ENSG00000141293,SKAP1,protein_coding,src kinase associated phosphoprotein 1 [Source:HGNC Symbol;Acc:HGNC:15605],56,no,-2.907869701,-6.503993748,-3.081976219,-5.231046618,-1.815622378,-3.699498529
182.0290625,-3.737499287,0.70411238,-5.308100514,1.11E-07,4.55E-06,ENSG00000109099,PMP22,protein_coding,peripheral myelin protein 22 [Source:HGNC Symbol;Acc:HGNC:9118],57,no,0.749652925,-5.474489754,-6.208888332,-5.079209973,-3.398410508,-2.020979208
51.21763179,-3.729646307,0.735139906,-5.073383005,3.91E-07,1.31E-05,ENSG00000177432,NAP1L5,protein_coding,nucleosome assembly protein 1 like 5 [Source:HGNC Symbol;Acc:HGNC:19968],58,no,-5.514939403,-4.310514019,-4.246363037,-3.410741985,0.514681427,-4.567834103
1303.803175,-3.698146473,0.558453637,-6.622119064,3.54E-11,4.26E-09,ENSG00000137801,THBS1,protein_coding,thrombospondin 1 [Source:HGNC Symbol;Acc:HGNC:11785],59,no,-0.709421724,-4.705531144,-4.327283032,-6.047210476,-3.499933554,-2.613537713
4419.767057,-3.689461375,0.622965412,-5.922417689,3.17E-09,2.22E-07,ENSG00000081041,CXCL2,protein_coding,C-X-C motif chemokine ligand 2 [Source:HGNC Symbol;Acc:HGNC:4603],60,no,-2.225040312,-0.394004478,-2.948961017,-6.236106773,-4.047228767,-6.236031871
192.9515366,-3.678548582,0.585121198,-6.28681476,3.24E-10,2.99E-08,ENSG00000160883,HK3,protein_coding,hexokinase 3 [Source:HGNC Symbol;Acc:HGNC:4925],61,no,-4.8486768,-5.358681301,-2.916761014,-4.018465584,-0.256499883,-4.089196442
757.6104416,-3.656494524,0.476831591,-7.668314332,1.74E-14,4.10E-12,ENSG00000260314,MRC1,protein_coding,mannose receptor C-type 1 [Source:HGNC Symbol;Acc:HGNC:7228],62,no,-1.814090738,-4.771413455,-4.796768316,-2.543322617,-4.797544159,-3.183229171
119.3470205,-3.619802805,0.481164665,-7.523002137,5.35E-14,1.07E-11,ENSG00000206172,HBA1,protein_coding,hemoglobin subunit alpha 1 [Source:HGNC Symbol;Acc:HGNC:4823],63,no,-3.288588968,-3.367657926,-2.755376685,-4.224289251,-4.648817305,-3.331766745
712.2001528,-3.60187288,0.693525429,-5.193570027,2.06E-07,7.79E-06,ENSG00000277893,SRD5A2,protein_coding,steroid 5 alpha-reductase 2 [Source:HGNC Symbol;Acc:HGNC:11285],64,no,-5.893070919,-1.414636416,-6.817111679,-4.867874487,-2.542099204,0.095380662
6833.428539,-3.574341666,0.559690528,-6.386282216,1.70E-10,1.72E-08,ENSG00000197408,CYP2B6,protein_coding,cytochrome P450 family 2 subfamily B member 6 [Source:HGNC Symbol;Acc:HGNC:2615],65,no,-5.029720591,-1.48568796,-3.50311675,-6.746880447,-2.902046223,-2.382345692
267.1070279,-3.573914679,0.56290126,-6.349096965,2.17E-10,2.14E-08,ENSG00000167601,AXL,protein_coding,AXL receptor tyrosine kinase [Source:HGNC Symbol;Acc:HGNC:905],66,no,-1.616016043,-4.251678917,-3.539691365,-6.993405369,-2.932064932,-2.975073232
2482.81978,-3.554764093,0.719489176,-4.940677652,7.79E-07,2.36E-05,ENSG00000139289,PHLDA1,protein_coding,pleckstrin homology like domain family A member 1 [Source:HGNC Symbol;Acc:HGNC:8933],67,no,-2.187259743,-3.505654828,0.106650088,-9.200200935,-3.078199525,-5.207895087
181.3312009,-3.553220567,0.659934863,-5.384198904,7.28E-08,3.22E-06,ENSG00000004776,HSPB6,protein_coding,heat shock protein family B (small) member 6 [Source:HGNC Symbol;Acc:HGNC:26511],68,no,-1.520285796,-6.088121597,-6.505925251,-3.127814403,-3.804936507,-0.937524445
713.0419246,-3.553096264,0.551652329,-6.440825277,1.19E-10,1.26E-08,ENSG00000177575,CD163,protein_coding,CD163 molecule [Source:HGNC Symbol;Acc:HGNC:1631],69,no,-2.614352678,-5.596372859,-4.125649171,-5.148415421,-0.814990172,-2.857835557
175.2569609,-3.549019263,0.576488004,-6.156276002,7.45E-10,6.28E-08,ENSG00000111199,TRPV4,protein_coding,transient receptor potential cation channel subfamily V member 4 [Source:HGNC Symbol;Acc:HGNC:18083],70,no,-4.784546462,-6.715497853,-1.630104406,-2.414674822,-4.460372216,-2.633593634
15415.44496,-3.54582347,0.688223886,-5.152136596,2.58E-07,9.36E-06,ENSG00000135094,SDS,protein_coding,serine dehydratase [Source:HGNC Symbol;Acc:HGNC:10691],71,no,-0.463277283,-2.526459495,-6.952172994,-6.697749471,-4.056189042,-1.195129277
490.7441907,-3.534852114,0.449887465,-7.857191835,3.93E-15,1.03E-12,ENSG00000087116,ADAMTS2,protein_coding,ADAM metallopeptidase with thrombospondin type 1 motif 2 [Source:HGNC Symbol;Acc:HGNC:218],72,no,-1.862040254,-3.774373997,-3.397878239,-5.215229912,-4.131854905,-2.871559275
276.0453901,-3.525384341,0.541472019,-6.510741499,7.48E-11,8.29E-09,ENSG00000186642,PDE2A,protein_coding,phosphodiesterase 2A [Source:HGNC Symbol;Acc:HGNC:8777],73,no,-1.005534504,-3.843492775,-2.917179126,-6.036474091,-3.710878274,-3.705646919
217.9066864,-3.500670161,0.722447207,-4.845572285,1.26E-06,3.55E-05,ENSG00000071205,ARHGAP10,protein_coding,Rho GTPase activating protein 10 [Source:HGNC Symbol;Acc:HGNC:26099],74,no,-2.316501713,-3.462517112,-9.614701597,-1.132423048,-5.469847164,-2.117367114
269.2471188,-3.498886172,0.598550676,-5.845597228,5.05E-09,3.31E-07,ENSG00000092607,TBX15,protein_coding,T-box 15 [Source:HGNC Symbol;Acc:HGNC:11594],75,no,-1.721375136,-4.816154067,-6.503992638,-2.552493838,-1.636954054,-4.506670241
9037.11615,-3.491623525,0.779753591,-4.477855013,7.54E-06,0.000165777,ENSG00000248144,ADH1C,protein_coding,"alcohol dehydrogenase 1C (class I), gamma polypeptide [Source:HGNC Symbol;Acc:HGNC:251]",76,no,-1.992869458,0.877772922,-4.484116066,-2.617752058,-4.603817321,-10.44645105
2634.543395,-3.489465591,0.661183807,-5.277602918,1.31E-07,5.24E-06,ENSG00000187479,C11orf96,protein_coding,chromosome 11 open reading frame 96 [Source:HGNC Symbol;Acc:HGNC:38675],77,no,-0.091597484,-4.115568603,-1.916291769,-7.914445748,-4.408635571,-3.175647543
235.726931,-3.488514452,0.739946757,-4.714547931,2.42E-06,6.31E-05,ENSG00000019991,HGF,protein_coding,hepatocyte growth factor [Source:HGNC Symbol;Acc:HGNC:4893],78,no,-1.060615029,-5.889527253,1.773618183,-4.990487886,-5.057399783,-3.594801151
118.7858657,-3.487532532,0.563961047,-6.183995424,6.25E-10,5.36E-08,ENSG00000101825,MXRA5,protein_coding,matrix remodeling associated 5 [Source:HGNC Symbol;Acc:HGNC:7539],79,no,-1.805626181,-5.613076789,-2.071992131,-4.605056849,-4.265488666,-2.92737649
2351.201273,-3.478421602,0.518643536,-6.706767479,1.99E-11,2.45E-09,ENSG00000168542,COL3A1,protein_coding,collagen type III alpha 1 chain [Source:HGNC Symbol;Acc:HGNC:2201],80,no,-0.921456649,-4.445194665,-3.803924087,-5.541292804,-3.704409631,-2.221531183
467.8644702,-3.449619549,0.461288813,-7.478220691,7.53E-14,1.46E-11,ENSG00000151468,CCDC3,protein_coding,coiled-coil domain containing 3 [Source:HGNC Symbol;Acc:HGNC:23813],81,no,-1.840416467,-3.56522416,-4.063070435,-4.919695683,-2.2132096,-4.109926974
1099.100036,-3.432562078,0.449782532,-7.631603799,2.32E-14,5.00E-12,ENSG00000138080,EMILIN1,protein_coding,elastin microfibril interfacer 1 [Source:HGNC Symbol;Acc:HGNC:19880],82,no,-1.460928699,-3.470751419,-4.132566303,-4.488260776,-4.363629757,-2.510208203
43.78620081,-3.422453488,0.609728468,-5.613078064,1.99E-08,1.05E-06,ENSG00000142512,SIGLEC10,protein_coding,sialic acid binding Ig like lectin 10 [Source:HGNC Symbol;Acc:HGNC:15620],83,no,-5.325114844,-4.500484962,-3.661400536,-2.305945795,-2.800820399,-2.569266059
1004.244566,-3.420542204,0.53373319,-6.408711827,1.47E-10,1.51E-08,ENSG00000115963,RND3,protein_coding,Rho family GTPase 3 [Source:HGNC Symbol;Acc:HGNC:671],84,no,-1.860575383,-3.999442522,-1.410486694,-4.398907506,-3.051435545,-5.982779638
190.6261929,-3.384665273,0.490875667,-6.895157981,5.38E-12,7.26E-10,ENSG00000167693,NXN,protein_coding,nucleoredoxin [Source:HGNC Symbol;Acc:HGNC:18008],85,no,-1.442766432,-3.316713835,-3.638369568,-3.595374295,-5.27330817,-3.153804424
1220.195761,-3.381319848,0.430172402,-7.860383024,3.83E-15,1.02E-12,ENSG00000010610,CD4,protein_coding,CD4 molecule [Source:HGNC Symbol;Acc:HGNC:1678],86,no,-2.209686025,-5.449757881,-3.584531773,-3.518793493,-3.051143753,-2.725945639
389.1521919,-3.376063058,0.413592101,-8.162784172,3.27E-16,9.77E-14,ENSG00000117009,KMO,protein_coding,kynurenine 3-monooxygenase [Source:HGNC Symbol;Acc:HGNC:6381],87,no,-2.144542598,-2.692289064,-4.033085893,-3.442705693,-3.287819646,-4.679904719
263.8398374,-3.375099329,0.597525054,-5.648464959,1.62E-08,8.73E-07,ENSG00000122679,RAMP3,protein_coding,receptor activity modifying protein 3 [Source:HGNC Symbol;Acc:HGNC:9845],88,no,-0.512200396,-2.627088879,-5.240184462,-4.658231853,-5.050915749,-1.98256572
250.1443838,-3.368689068,0.574260143,-5.866137691,4.46E-09,2.97E-07,ENSG00000166819,PLIN1,protein_coding,perilipin 1 [Source:HGNC Symbol;Acc:HGNC:9076],89,no,-4.471956232,-1.603989538,-4.149264349,-3.335398544,-0.92951856,-5.618647893
2890.248268,-3.360147797,0.598484394,-5.614428427,1.97E-08,1.04E-06,ENSG00000112299,VNN1,protein_coding,vanin 1 [Source:HGNC Symbol;Acc:HGNC:12705],90,no,0.301396092,-5.280648246,-3.494356177,-4.683976342,-1.531553871,-4.457365549
448.9105789,-3.35615546,0.609634145,-5.505196009,3.69E-08,1.82E-06,ENSG00000174992,ZG16,protein_coding,zymogen granule protein 16 [Source:HGNC Symbol;Acc:HGNC:30961],91,no,-5.255852181,0.384252491,-2.579292068,-4.430663033,-5.018340145,-2.455308046
81137.08358,-3.342165956,0.740558065,-4.513037011,6.39E-06,0.000143154,ENSG00000132693,CRP,protein_coding,C-reactive protein [Source:HGNC Symbol;Acc:HGNC:2367],92,no,-0.053313382,-4.9305331,-0.439224345,-5.044691882,-2.147359779,-8.3532163
3254.243778,-3.340141388,0.575635296,-5.802530544,6.53E-09,4.07E-07,ENSG00000159189,C1QC,protein_coding,complement C1q C chain [Source:HGNC Symbol;Acc:HGNC:1245],93,no,-2.282818533,-5.632805559,-5.053517264,-4.427286173,-0.774240335,-1.807600222
144.256017,-3.317523272,0.515598517,-6.434315003,1.24E-10,1.30E-08,ENSG00000085265,FCN1,protein_coding,ficolin 1 [Source:HGNC Symbol;Acc:HGNC:3623],94,no,-1.186835469,-4.545792156,-3.461531132,-4.523247344,-2.808295519,-3.245906008
6588.481555,-3.313760767,0.680704385,-4.868134893,1.13E-06,3.21E-05,ENSG00000120738,EGR1,protein_coding,early growth response 1 [Source:HGNC Symbol;Acc:HGNC:3238],95,no,-1.260263699,-3.590291688,0.31731553,-7.418257551,-3.039806857,-5.193838837
316.0072942,-3.302945697,0.61769013,-5.347253481,8.93E-08,3.82E-06,ENSG00000129151,BBOX1,protein_coding,gamma-butyrobetaine hydroxylase 1 [Source:HGNC Symbol;Acc:HGNC:964],96,no,-3.354862187,-4.657164543,-6.73034789,-3.369343049,-1.106875512,-1.480653606
3474.678112,-3.302730601,0.569586275,-5.798472935,6.69E-09,4.12E-07,ENSG00000173369,C1QB,protein_coding,complement C1q B chain [Source:HGNC Symbol;Acc:HGNC:1242],97,no,-2.380899509,-6.046569826,-4.183216199,-4.650272782,-0.909010081,-1.795802956
753.4071247,-3.283289355,0.698734215,-4.698910237,2.62E-06,6.76E-05,ENSG00000112414,ADGRG6,protein_coding,adhesion G protein-coupled receptor G6 [Source:HGNC Symbol;Acc:HGNC:13841],98,no,-7.195479563,-2.436830469,0.173890692,-4.973779155,-0.806820642,-4.632034057
485.7529324,-3.282713315,0.685004082,-4.792253652,1.65E-06,4.48E-05,ENSG00000186340,THBS2,protein_coding,thrombospondin 2 [Source:HGNC Symbol;Acc:HGNC:11786],99,no,0.200541828,-2.804531355,-5.152196326,-7.136638253,-3.883282559,-1.259290084
1679.292708,-3.24945319,0.587814895,-5.528021177,3.24E-08,1.63E-06,ENSG00000092621,PHGDH,protein_coding,phosphoglycerate dehydrogenase [Source:HGNC Symbol;Acc:HGNC:8923],100,no,-6.149543279,-4.998570012,-2.500063081,-3.803080026,-1.497093831,-0.876911423
768.0947592,-3.242585353,0.328720698,-9.864256726,5.95E-23,4.40E-20,ENSG00000160323,ADAMTS13,protein_coding,ADAM metallopeptidase with thrombospondin type 1 motif 13 [Source:HGNC Symbol;Acc:HGNC:1366],101,no,-3.567278486,-2.486363854,-3.900504631,-3.107708996,-3.323524976,-3.081988436
585.3858598,-3.237894881,0.60389339,-5.361699486,8.24E-08,3.56E-06,ENSG00000100979,PLTP,protein_coding,phospholipid transfer protein [Source:HGNC Symbol;Acc:HGNC:9093],102,no,-1.074532877,-5.217281774,-4.39494742,-5.576938468,-2.206566619,-1.039981523
1318.788103,-3.237167956,0.352336259,-9.187723025,4.01E-20,2.15E-17,ENSG00000188536,HBA2,protein_coding,hemoglobin subunit alpha 2 [Source:HGNC Symbol;Acc:HGNC:4824],103,no,-2.046138894,-3.188400497,-3.179210267,-4.007197314,-3.461454102,-3.480952074
7066.089689,-3.21852479,0.578437029,-5.564174882,2.63E-08,1.35E-06,ENSG00000039537,C6,protein_coding,complement C6 [Source:HGNC Symbol;Acc:HGNC:1339],104,no,0.527563046,-2.022760743,-4.018486508,-4.668390063,-3.13146722,-5.007667359
436.8461905,-3.213766459,0.657725056,-4.886185234,1.03E-06,2.97E-05,ENSG00000108176,DNAJC12,protein_coding,DnaJ heat shock protein family (Hsp40) member C12 [Source:HGNC Symbol;Acc:HGNC:28908],105,no,-4.136212168,-0.053877384,-0.898878309,-6.657137161,-2.964159107,-4.561012837
2206.421734,-3.206098994,0.46466458,-6.899813618,5.21E-12,7.14E-10,ENSG00000166840,GLYATL1,protein_coding,glycine-N-acyltransferase like 1 [Source:HGNC Symbol;Acc:HGNC:30519],106,no,-3.549097888,-0.918783224,-3.054212569,-4.538272902,-2.613556201,-4.323142172
22977.99511,-3.196051138,0.508336384,-6.287275987,3.23E-10,2.99E-08,ENSG00000169136,ATF5,protein_coding,activating transcription factor 5 [Source:HGNC Symbol;Acc:HGNC:790],107,no,-5.096503688,-3.078100331,-3.758597968,-0.267925618,-2.683194715,-3.826725636
3357.834954,-3.194865199,0.545067636,-5.861410559,4.59E-09,3.03E-07,ENSG00000173372,C1QA,protein_coding,complement C1q A chain [Source:HGNC Symbol;Acc:HGNC:1241],108,no,-2.043904583,-5.311647004,-3.48050791,-5.414350905,-1.901280158,-1.335537919
1209.90925,-3.187452367,0.588686483,-5.414515979,6.15E-08,2.77E-06,ENSG00000185885,IFITM1,protein_coding,interferon induced transmembrane protein 1 [Source:HGNC Symbol;Acc:HGNC:5412],109,no,1.153379269,-3.351175926,-4.013222415,-5.153649386,-3.332938255,-3.002261815
1166.724817,-3.177286314,0.661483555,-4.803273324,1.56E-06,4.25E-05,ENSG00000165471,MBL2,protein_coding,mannose binding lectin 2 [Source:HGNC Symbol;Acc:HGNC:6922],110,no,-4.512741847,0.697676917,-2.185175975,-6.145408463,-1.528849822,-4.899507505
249.0207791,-3.165763169,0.689274084,-4.592894527,4.37E-06,0.000104227,ENSG00000122176,FMOD,protein_coding,fibromodulin [Source:HGNC Symbol;Acc:HGNC:3774],111,no,-1.291484066,-5.314959924,-4.783690966,-1.405649654,-6.446324441,-0.368568708
371.7288678,-3.150646252,0.505080302,-6.237911554,4.43E-10,3.93E-08,ENSG00000146233,CYP39A1,protein_coding,cytochrome P450 family 39 subfamily A member 1 [Source:HGNC Symbol;Acc:HGNC:17449],112,no,-3.623773159,-6.042126378,-2.08579793,-1.79162496,-2.391479005,-3.872514555
277991.238,-3.142824662,0.758132967,-4.145479483,3.39E-05,0.000574662,ENSG00000118137,APOA1,protein_coding,apolipoprotein A1 [Source:HGNC Symbol;Acc:HGNC:600],113,no,-2.736208294,-0.538231742,-4.865967876,-10.76743355,-1.721473533,-2.528526968
160.9148817,-3.131088219,0.777367011,-4.027812057,5.63E-05,0.000883639,ENSG00000133104,SPART,protein_coding,spartin [Source:HGNC Symbol;Acc:HGNC:18514],114,no,-0.08761553,-5.45850405,-5.822047724,-2.399672659,-5.365024339,1.212938234
831.9388251,-3.118726806,0.505279416,-6.172281528,6.73E-10,5.74E-08,ENSG00000110077,MS4A6A,protein_coding,membrane spanning 4-domains A6A [Source:HGNC Symbol;Acc:HGNC:13375],115,no,-2.084724098,-5.638146924,-2.970165509,-4.21585727,-1.414983944,-2.737829441
78872.13971,-3.118296365,0.471748036,-6.610088706,3.84E-11,4.52E-09,ENSG00000229314,ORM1,protein_coding,orosomucoid 1 [Source:HGNC Symbol;Acc:HGNC:8498],116,no,-2.051681706,-3.253013936,-1.348983929,-4.744962289,-2.711229401,-4.636315305
372.4994304,-3.115398445,0.841627773,-3.701634552,0.000214215,0.00273448,ENSG00000225968,ELFN1,protein_coding,extracellular leucine rich repeat and fibronectin type III domain containing 1 [Source:HGNC Symbol;Acc:HGNC:33154],117,no,-1.397202459,1.40904041,-7.148312891,0.260991191,-4.870031536,-7.183099364
5193.055281,-3.103815131,0.544024453,-5.705286067,1.16E-08,6.58E-07,ENSG00000165140,FBP1,protein_coding,fructose-bisphosphatase 1 [Source:HGNC Symbol;Acc:HGNC:3606],118,no,-1.790085165,-2.739196607,-5.179468363,-5.107456914,-3.169138991,-0.674116756
675.5340296,-3.098891582,0.611755379,-5.065573085,4.07E-07,1.36E-05,ENSG00000106688,SLC1A1,protein_coding,solute carrier family 1 member 1 [Source:HGNC Symbol;Acc:HGNC:10939],119,no,-0.003995208,-3.703760064,-1.830966346,-6.443129428,-2.599489593,-4.172263549
145.395248,-3.094778996,0.670671399,-4.61444904,3.94E-06,9.47E-05,ENSG00000135437,RDH5,protein_coding,retinol dehydrogenase 5 [Source:HGNC Symbol;Acc:HGNC:9940],120,no,-2.012647078,-4.371543452,-6.695670438,-4.521900918,-1.128902102,-0.755700645
213.1952557,-3.08399433,0.489943636,-6.294590034,3.08E-10,2.88E-08,ENSG00000162692,VCAM1,protein_coding,vascular cell adhesion molecule 1 [Source:HGNC Symbol;Acc:HGNC:12663],121,no,-1.752679441,-4.558276095,-1.870950652,-2.830748368,-4.569382838,-3.237249146
125.7966156,-3.058951837,0.526100232,-5.814389831,6.09E-09,3.84E-07,ENSG00000274286,ADRA2B,protein_coding,adrenoceptor alpha 2B [Source:HGNC Symbol;Acc:HGNC:282],122,no,-1.943353499,-3.160488575,-5.826694089,-2.663609031,-2.902862928,-2.508644507
445868.1274,-3.051773943,0.498741569,-6.118948435,9.42E-10,7.70E-08,ENSG00000257017,HP,protein_coding,haptoglobin [Source:HGNC Symbol;Acc:HGNC:5141],123,no,-0.217510132,-3.330835333,-2.293539893,-3.965623194,-3.343124213,-4.664900087
440.7676635,-3.04368431,0.447921127,-6.795134508,1.08E-11,1.38E-09,ENSG00000105609,LILRB5,protein_coding,leukocyte immunoglobulin like receptor B5 [Source:HGNC Symbol;Acc:HGNC:6609],124,no,-2.656472352,-4.282967692,-3.280000634,-3.520723897,-0.959725265,-3.368484968
391.5706904,-3.041307764,0.554064454,-5.489086584,4.04E-08,1.95E-06,ENSG00000103196,CRISPLD2,protein_coding,cysteine rich secretory protein LCCL domain containing 2 [Source:HGNC Symbol;Acc:HGNC:25248],125,no,-0.814353285,-3.600020636,-3.381918289,-6.063166713,-2.864921356,-1.928767039
35633.90241,-3.027763982,0.553863739,-5.466622505,4.59E-08,2.16E-06,ENSG00000159403,C1R,protein_coding,complement C1r [Source:HGNC Symbol;Acc:HGNC:1246],126,no,-1.559338644,-2.12657212,-3.903658964,-6.672559692,-3.129025274,-1.772206595
12258.94405,-3.026544314,0.653986781,-4.627837138,3.70E-06,9.05E-05,ENSG00000198650,TAT,protein_coding,tyrosine aminotransferase [Source:HGNC Symbol;Acc:HGNC:11573],127,no,-3.703044305,-1.594802707,-9.082435468,-2.538053425,-2.442060477,-1.901580724
254.250779,-3.006950254,0.521275727,-5.768444794,8.00E-09,4.78E-07,ENSG00000077782,FGFR1,protein_coding,fibroblast growth factor receptor 1 [Source:HGNC Symbol;Acc:HGNC:3688],128,no,-2.11828386,-3.77739045,-2.669305734,-5.772810923,-2.575802508,-1.641687538
112.9444541,-3.005341423,0.805083457,-3.732956376,0.000189245,0.002462411,ENSG00000104723,TUSC3,protein_coding,tumor suppressor candidate 3 [Source:HGNC Symbol;Acc:HGNC:30242],129,no,-2.839688017,-4.631470275,-5.053717959,-5.801454061,0.001812113,2.176027895
386.1811997,-2.998326708,0.580169703,-5.168016689,2.37E-07,8.72E-06,ENSG00000166415,WDR72,protein_coding,WD repeat domain 72 [Source:HGNC Symbol;Acc:HGNC:26790],130,no,-3.383217798,-2.347039895,0.201889658,-2.340145563,-4.644329914,-5.116968525
9238.784191,-2.997746706,0.526564163,-5.69303214,1.25E-08,6.99E-07,ENSG00000187048,CYP4A11,protein_coding,cytochrome P450 family 4 subfamily A member 11 [Source:HGNC Symbol;Acc:HGNC:2642],131,no,-2.4176707,0.301565766,-3.497708788,-4.868771646,-3.323972263,-3.463833886
120.1702752,-2.997067604,0.580787413,-5.160352196,2.46E-07,9.02E-06,ENSG00000111817,DSE,protein_coding,dermatan sulfate epimerase [Source:HGNC Symbol;Acc:HGNC:21144],132,no,-1.399115425,-5.076334476,-1.742320532,-5.036474091,-2.095218976,-3.052149455
303.3597564,-2.996094735,0.589351103,-5.083717871,3.70E-07,1.26E-05,ENSG00000087245,MMP2,protein_coding,matrix metallopeptidase 2 [Source:HGNC Symbol;Acc:HGNC:7166],133,no,-0.235447507,-5.269872034,-3.468121167,-4.864619063,-1.854286424,-2.307039659
6086.9255,-2.992160963,0.477429362,-6.267232807,3.68E-10,3.35E-08,ENSG00000161031,PGLYRP2,protein_coding,peptidoglycan recognition protein 2 [Source:HGNC Symbol;Acc:HGNC:30013],134,no,-1.997814932,-4.316438853,-1.183201771,-4.874119981,-2.53835328,-3.119511475
398.1096339,-2.986301101,0.582660952,-5.125280988,2.97E-07,1.05E-05,ENSG00000166927,MS4A7,protein_coding,membrane spanning 4-domains A7 [Source:HGNC Symbol;Acc:HGNC:13378],135,no,-1.181379366,-4.991445578,-3.951915679,-4.315139149,-0.097953943,-2.94174966
121.3035273,-2.986122113,0.663082501,-4.503394536,6.69E-06,0.00014937,ENSG00000151150,ANK3,protein_coding,ankyrin 3 [Source:HGNC Symbol;Acc:HGNC:494],136,no,-1.97791999,-5.195871453,0.121093398,-1.763656208,-4.94300041,-4.307519199
123.3971565,-2.98182465,0.559603501,-5.328459608,9.90E-08,4.13E-06,ENSG00000129993,CBFA2T3,protein_coding,CBFA2/RUNX1 translocation partner 3 [Source:HGNC Symbol;Acc:HGNC:1537],137,no,-1.758074251,-4.462517112,-3.687279168,-2.018194815,-4.955204549,-1.543520646
488.8063301,-2.978966443,0.567786975,-5.246626947,1.55E-07,6.09E-06,ENSG00000022267,FHL1,protein_coding,four and a half LIM domains 1 [Source:HGNC Symbol;Acc:HGNC:3702],138,no,-0.82924627,-4.045547,-3.306252906,-5.598929192,-0.91338731,-3.192281691
367.1639539,-2.955254352,0.622408717,-4.748092804,2.05E-06,5.47E-05,ENSG00000165457,FOLR2,protein_coding,folate receptor beta [Source:HGNC Symbol;Acc:HGNC:3793],139,no,-2.235671757,-4.909976089,-5.160633163,-3.943408544,0.413794672,-1.501159735
2485.63407,-2.954262703,0.473245194,-6.242562498,4.30E-10,3.86E-08,ENSG00000100292,HMOX1,protein_coding,heme oxygenase 1 [Source:HGNC Symbol;Acc:HGNC:5013],140,no,-1.259829739,-5.038992187,-3.977961171,-2.576016768,-1.987233523,-3.029010959
859.6587391,-2.937115139,0.717373274,-4.0942634,4.24E-05,0.00069202,ENSG00000172497,ACOT12,protein_coding,acyl-CoA thioesterase 12 [Source:HGNC Symbol;Acc:HGNC:24436],141,no,-3.996731727,-0.438442977,-8.307474551,-4.381970657,-0.148313021,-2.020801431
656.7849571,-2.924340286,0.60731523,-4.8151934,1.47E-06,4.07E-05,ENSG00000122862,SRGN,protein_coding,serglycin [Source:HGNC Symbol;Acc:HGNC:9361],142,no,-0.130531962,-4.965942949,-2.061688309,-5.698903018,-3.343962724,-1.523029269
7203.6951,-2.910472339,0.791387157,-3.677684576,0.000235361,0.002944001,ENSG00000141485,SLC13A5,protein_coding,solute carrier family 13 member 5 [Source:HGNC Symbol;Acc:HGNC:23089],143,no,-10.21059334,1.584093742,-2.483865809,-4.640153559,-2.772568288,-1.649300479
92.29586444,-2.901692293,0.627311065,-4.625603554,3.74E-06,9.10E-05,ENSG00000137726,FXYD6,protein_coding,FXYD domain containing ion transport regulator 6 [Source:HGNC Symbol;Acc:HGNC:4030],144,no,-0.069016485,-5.274444764,-3.353278241,-4.101014343,-2.759000223,-1.79165848
374.8672935,-2.897288829,0.648081866,-4.470559942,7.80E-06,0.000170567,ENSG00000115461,IGFBP5,protein_coding,insulin like growth factor binding protein 5 [Source:HGNC Symbol;Acc:HGNC:5474],145,no,-1.228899529,-2.404100426,-2.127238043,-6.654486558,-5.548054328,-0.917128276
181.368677,-2.896118737,0.490862704,-5.900058639,3.63E-09,2.46E-07,ENSG00000182853,VMO1,protein_coding,vitelline membrane outer layer 1 homolog [Source:HGNC Symbol;Acc:HGNC:30387],146,no,-1.518886587,-2.274444764,-4.061623157,-4.237717925,-1.772420739,-3.622413382
4170.421112,-2.895909479,0.681008353,-4.252384669,2.12E-05,0.000383105,ENSG00000103569,AQP9,protein_coding,aquaporin 9 [Source:HGNC Symbol;Acc:HGNC:643],147,no,-5.595776474,0.89787602,-4.790417594,-4.030659695,0.281381081,-2.857682005
537.4085278,-2.894106944,0.654186308,-4.423979699,9.69E-06,0.000202718,ENSG00000175287,PHYHD1,protein_coding,phytanoyl-CoA dioxygenase domain containing 1 [Source:HGNC Symbol;Acc:HGNC:23396],148,no,-3.177849669,-5.408624104,-0.240379319,-6.078891532,-2.41076454,-0.533918909
104.1441593,-2.883958838,0.624054746,-4.621323458,3.81E-06,9.23E-05,ENSG00000235568,NFAM1,protein_coding,NFAT activating protein with ITAM motif 1 [Source:HGNC Symbol;Acc:HGNC:29872],149,no,-1.8486768,-3.284978927,-6.300810821,-3.891525755,-0.412619085,-2.385347785
75093.92556,-2.882052726,0.347037053,-8.304740664,1.00E-16,3.24E-14,ENSG00000110169,HPX,protein_coding,hemopexin [Source:HGNC Symbol;Acc:HGNC:5171],150,no,-1.910439944,-2.453402126,-3.031678791,-3.623136697,-2.642802151,-3.624487671
188.5544778,-2.881776564,0.394982674,-7.295956904,2.97E-13,5.29E-11,ENSG00000198515,CNGA1,protein_coding,cyclic nucleotide gated channel alpha 1 [Source:HGNC Symbol;Acc:HGNC:2148],151,no,-3.358351173,-3.462517112,-3.512314926,-2.049413147,-2.356035556,-2.604199849
900.6073636,-2.87284691,0.629245445,-4.565542641,4.98E-06,0.000116295,ENSG00000120054,CPN1,protein_coding,carboxypeptidase N subunit 1 [Source:HGNC Symbol;Acc:HGNC:2312],152,no,-2.022726935,-2.170871584,-1.980860376,-8.118422379,-1.526366322,-3.813146739
827.5796251,-2.868500384,0.664231995,-4.31852185,1.57E-05,0.000300656,ENSG00000124006,OBSL1,protein_coding,obscurin like 1 [Source:HGNC Symbol;Acc:HGNC:29092],153,no,-2.411208254,-2.937143408,-6.302082478,-5.527069389,-0.17922533,-0.477480233
28533.68596,-2.864183166,0.557017983,-5.141994067,2.72E-07,9.77E-06,ENSG00000196616,ADH1B,protein_coding,"alcohol dehydrogenase 1B (class I), beta polypeptide [Source:HGNC Symbol;Acc:HGNC:250]",154,no,-0.79432181,-0.986952067,-5.521003625,-4.307784621,-2.253505927,-3.472693935
161664.3583,-2.862949472,0.585872211,-4.886644934,1.03E-06,2.97E-05,ENSG00000171557,FGG,protein_coding,fibrinogen gamma chain [Source:HGNC Symbol;Acc:HGNC:3694],155,no,0.867107921,-3.230974427,-2.807958764,-5.911098594,-2.810265292,-2.823836392
324.4146663,-2.862763373,0.452661571,-6.324290721,2.54E-10,2.45E-08,ENSG00000130508,PXDN,protein_coding,peroxidasin [Source:HGNC Symbol;Acc:HGNC:14966],156,no,-0.947973952,-3.310514019,-3.46699285,-4.175782112,-2.790997316,-2.385192448
175.3230081,-2.857224498,0.475484214,-6.009083824,1.87E-09,1.40E-07,ENSG00000167851,CD300A,protein_coding,CD300a molecule [Source:HGNC Symbol;Acc:HGNC:19319],157,no,-2.07405308,-4.315847463,-3.538389646,-2.602835609,-1.227116076,-3.430681771
49.35821533,-2.853192832,0.610936669,-4.670194106,3.01E-06,7.56E-05,ENSG00000146021,KLHL3,protein_coding,kelch like family member 3 [Source:HGNC Symbol;Acc:HGNC:6354],158,no,-1.414752056,-3.362981439,-3.76831574,-1.198038798,-4.33331548,-3.331766745
619.637802,-2.832667636,0.554518675,-5.108335867,3.25E-07,1.13E-05,ENSG00000158869,FCER1G,protein_coding,Fc fragment of IgE receptor Ig [Source:HGNC Symbol;Acc:HGNC:3611],159,no,-2.233732184,-4.639717786,-2.371638778,-5.536833405,-0.781341391,-1.91544628
37090.40543,-2.831194836,0.570655246,-4.961305193,7.00E-07,2.16E-05,ENSG00000104760,FGL1,protein_coding,fibrinogen like 1 [Source:HGNC Symbol;Acc:HGNC:3695],160,no,0.438264578,-3.935263801,-2.379491451,-5.531556085,-3.257361193,-2.010663171
204.6113472,-2.825251947,0.581497338,-4.858581053,1.18E-06,3.34E-05,ENSG00000115956,PLEK,protein_coding,pleckstrin [Source:HGNC Symbol;Acc:HGNC:9070],161,no,-0.845021461,-5.535766094,-2.246363037,-4.375276004,-3.096276282,-1.308362141
115.8390344,-2.824734554,0.810751106,-3.484095837,0.000493803,0.005304932,ENSG00000019102,VSIG2,protein_coding,V-set and immunoglobulin domain containing 2 [Source:HGNC Symbol;Acc:HGNC:17149],162,no,-3.102722422,-4.836397287,3.410598044,-0.884880912,-3.32454527,-6.257766164
4146.138525,-2.82005045,0.489571276,-5.760244912,8.40E-09,4.95E-07,ENSG00000162365,CYP4A22,protein_coding,cytochrome P450 family 4 subfamily A member 22 [Source:HGNC Symbol;Acc:HGNC:20575],163,no,-2.489019485,0.156831588,-3.438494243,-4.154999651,-3.038371604,-3.317960945
182.9276932,-2.81945465,0.556746515,-5.064162193,4.10E-07,1.37E-05,ENSG00000101336,HCK,protein_coding,"HCK proto-oncogene, Src family tyrosine kinase [Source:HGNC Symbol;Acc:HGNC:4840]",164,no,-1.686752648,-4.640966186,-2.054070223,-5.276938085,-1.44845119,-2.365796917
6893.67962,-2.806007185,0.560512375,-5.006146717,5.55E-07,1.75E-05,ENSG00000120129,DUSP1,protein_coding,dual specificity phosphatase 1 [Source:HGNC Symbol;Acc:HGNC:3064],165,no,-0.803674407,-1.073064585,-3.29905954,-6.173384035,-2.725599691,-3.313904112
348.4742167,-2.801802346,0.572368936,-4.895098547,9.83E-07,2.88E-05,ENSG00000115468,EFHD1,protein_coding,EF-hand domain family member D1 [Source:HGNC Symbol;Acc:HGNC:29556],166,no,-3.457004357,-3.904026823,1.027488319,-3.190361829,-3.81270339,-2.291609619
272.7818464,-2.801075635,0.656889896,-4.264147847,2.01E-05,0.000367762,ENSG00000168386,FILIP1L,protein_coding,filamin A interacting protein 1 like [Source:HGNC Symbol;Acc:HGNC:24589],167,no,-0.657690183,-5.355231939,-1.242531175,-6.270939345,-1.436205905,-2.889544416
1147.166969,-2.798723109,0.582275066,-4.80653092,1.54E-06,4.21E-05,ENSG00000122787,AKR1D1,protein_coding,aldo-keto reductase family 1 member D1 [Source:HGNC Symbol;Acc:HGNC:388],168,no,-7.502811211,-2.285462647,-2.628898346,-2.958726405,-1.788228998,-1.581412661
611.039096,-2.793141739,0.636659207,-4.387185023,1.15E-05,0.000231548,ENSG00000087258,GNAO1,protein_coding,G protein subunit alpha o1 [Source:HGNC Symbol;Acc:HGNC:4389],169,no,-5.330739393,-4.822413057,-1.25051468,-0.226981019,-0.897528446,-4.460090842
1919.585924,-2.787952387,0.580379531,-4.803671108,1.56E-06,4.25E-05,ENSG00000115226,FNDC4,protein_coding,fibronectin type III domain containing 4 [Source:HGNC Symbol;Acc:HGNC:20239],170,no,-5.330739393,-4.667345224,-1.625328037,-2.255310391,0.170097735,-2.981765339
1619.007068,-2.787199493,0.347308428,-8.025142118,1.01E-15,2.92E-13,ENSG00000159200,RCAN1,protein_coding,regulator of calcineurin 1 [Source:HGNC Symbol;Acc:HGNC:3040],171,no,-1.724663836,-2.831534447,-3.373913087,-2.46402963,-3.483414863,-2.822053863
96.59426987,-2.776848826,0.656600084,-4.229132608,2.35E-05,0.000421482,ENSG00000104972,LILRB1,protein_coding,leukocyte immunoglobulin like receptor B1 [Source:HGNC Symbol;Acc:HGNC:6605],172,no,-1.118114473,-4.001882746,-1.852584657,-7.264915557,-1.866124438,-2.414822485
7128.368142,-2.776745267,0.561958249,-4.94119496,7.76E-07,2.36E-05,ENSG00000099860,GADD45B,protein_coding,growth arrest and DNA damage inducible beta [Source:HGNC Symbol;Acc:HGNC:4096],173,no,-1.962399309,-0.629286565,-2.232311187,-6.476369774,-2.836356698,-3.408937928
263.0903696,-2.768724543,0.627468965,-4.412528263,1.02E-05,0.000212885,ENSG00000147027,TMEM47,protein_coding,transmembrane protein 47 [Source:HGNC Symbol;Acc:HGNC:18515],174,no,-1.444413772,-0.368366645,-6.340339185,-4.444968744,-1.428579769,-3.625303239
219.0716312,-2.765347081,0.640154111,-4.319814606,1.56E-05,0.000299624,ENSG00000166147,FBN1,protein_coding,fibrillin 1 [Source:HGNC Symbol;Acc:HGNC:3603],175,no,-0.075542698,-3.379776681,-4.297664266,-5.926291173,-2.455279747,-0.706814513
5767.925492,-2.762981551,0.686102331,-4.027069177,5.65E-05,0.000885539,ENSG00000131482,G6PC,protein_coding,glucose-6-phosphatase catalytic subunit [Source:HGNC Symbol;Acc:HGNC:4056],176,no,-2.266017085,2.713426214,-5.629523521,-4.136965543,-3.724571635,-1.563268149
1194.373054,-2.760557149,0.487263738,-5.665427024,1.47E-08,8.04E-07,ENSG00000149591,TAGLN,protein_coding,transgelin [Source:HGNC Symbol;Acc:HGNC:11553],177,no,-0.82575758,-3.769069981,-2.510122597,-4.994708028,-2.188561054,-2.424876149
2506.352439,-2.76035068,0.783869708,-3.521440683,0.000429209,0.004738696,ENSG00000151365,THRSP,protein_coding,thyroid hormone responsive [Source:HGNC Symbol;Acc:HGNC:11800],178,no,-6.605683909,-3.839080464,-4.338809286,1.177064589,-3.115110463,2.636305927
30.00842098,-2.759897722,0.794602401,-3.473306547,0.000514088,0.005484449,ENSG00000138615,CILP,protein_coding,cartilage intermediate layer protein [Source:HGNC Symbol;Acc:HGNC:1980],179,no,-3.421976383,-6.921948731,-2.023970616,-1.751071872,-3.163390478,-0.787446229
125.1550455,-2.746558663,0.676154535,-4.062028017,4.86E-05,0.000780938,ENSG00000186818,LILRB4,protein_coding,leukocyte immunoglobulin like receptor B4 [Source:HGNC Symbol;Acc:HGNC:6608],180,no,-1.141668703,-6.044270056,-3.647461345,-4.376872789,-1.806696965,0.15266888
166.1672785,-2.743190335,0.579239047,-4.735851892,2.18E-06,5.76E-05,ENSG00000101695,RNF125,protein_coding,ring finger protein 125 [Source:HGNC Symbol;Acc:HGNC:21150],181,no,-1.846651964,-0.231624093,-5.309688972,-3.405076017,-2.069903849,-3.830868509
172.457828,-2.734353574,0.634728994,-4.307907151,1.65E-05,0.000314673,ENSG00000106034,CPED1,protein_coding,cadherin like and PC-esterase domain containing 1 [Source:HGNC Symbol;Acc:HGNC:26159],182,no,-3.032473976,-8.188621714,-1.246363037,-2.252627466,-1.253440083,-3.065333763
9909.5149,-2.724686858,0.561305529,-4.854195653,1.21E-06,3.41E-05,ENSG00000138115,CYP2C8,protein_coding,cytochrome P450 family 2 subfamily C member 8 [Source:HGNC Symbol;Acc:HGNC:2622],183,no,-0.610041685,0.263559307,-4.119140147,-3.947076622,-3.277161774,-3.824388485
152.5955393,-2.716940979,0.606697024,-4.478250055,7.53E-06,0.000165705,ENSG00000146192,FGD2,protein_coding,"FYVE, RhoGEF and PH domain containing 2 [Source:HGNC Symbol;Acc:HGNC:3664]",184,no,-1.62606881,-3.088806475,-2.054264538,-6.462080832,-0.783515034,-3.345441682
200.0886697,-2.716855734,0.464693524,-5.846553896,5.02E-09,3.30E-07,ENSG00000147119,CHST7,protein_coding,carbohydrate sulfotransferase 7 [Source:HGNC Symbol;Acc:HGNC:13817],185,no,-2.126733396,-4.409077853,-2.096120401,-3.46134595,-1.3719771,-3.075927841
389.0537625,-2.714575674,0.526253968,-5.158299676,2.49E-07,9.08E-06,ENSG00000005187,ACSM3,protein_coding,acyl-CoA synthetase medium chain family member 3 [Source:HGNC Symbol;Acc:HGNC:10522],186,no,-3.167465187,-2.473164356,-2.65485769,-5.762079823,-1.909419767,-0.951833047
197.940117,-2.712453465,0.635437868,-4.268636798,1.97E-05,0.000361721,ENSG00000131042,LILRB2,protein_coding,leukocyte immunoglobulin like receptor B2 [Source:HGNC Symbol;Acc:HGNC:6606],187,no,-1.501612499,-3.831130274,-3.005354938,-6.223583535,0.177902942,-2.313230794
548.3541061,-2.707119563,0.481846681,-5.618217729,1.93E-08,1.03E-06,ENSG00000117318,ID3,protein_coding,"inhibitor of DNA binding 3, HLH protein [Source:HGNC Symbol;Acc:HGNC:5362]",188,no,-0.07718733,-4.039939723,-2.892726082,-2.52666895,-3.341891374,-2.960426456
2299.865464,-2.691675834,0.615106645,-4.375949857,1.21E-05,0.000240001,ENSG00000118004,COLEC11,protein_coding,collectin subfamily member 11 [Source:HGNC Symbol;Acc:HGNC:17213],189,no,-1.866123243,-3.674376885,-5.288427097,0.871282242,-1.372155222,-4.327421275
85.2936448,-2.691366136,0.515512368,-5.220759583,1.78E-07,6.86E-06,ENSG00000112799,LY86,protein_coding,lymphocyte antigen 86 [Source:HGNC Symbol;Acc:HGNC:16837],190,no,-1.701969149,-4.33698623,-3.315310391,-2.614592211,-1.377515284,-2.916729246
461.6248173,-2.683800056,0.523627804,-5.12539639,2.97E-07,1.05E-05,ENSG00000151948,GLT1D1,protein_coding,glycosyltransferase 1 domain containing 1 [Source:HGNC Symbol;Acc:HGNC:26483],191,no,-2.470093488,-2.969704458,-4.300810821,-4.286246597,-1.797003112,-0.172745021
63.94305616,-2.679971813,0.614209075,-4.36328918,1.28E-05,0.00025175,ENSG00000196159,FAT4,protein_coding,FAT atypical cadherin 4 [Source:HGNC Symbol;Acc:HGNC:23109],192,no,-1.503452085,-3.74325352,-1.507449171,-1.173826333,-4.692318944,-3.884307768
161.6185174,-2.676943808,0.67415077,-3.970838463,7.16E-05,0.001081478,ENSG00000068831,RASGRP2,protein_coding,RAS guanyl releasing protein 2 [Source:HGNC Symbol;Acc:HGNC:9879],193,no,-0.402076826,-2.842303764,-2.11250729,-8.246691798,-3.641163733,-1.347471646
145.6008467,-2.675437553,0.531007643,-5.038416282,4.69E-07,1.53E-05,ENSG00000041982,TNC,protein_coding,tenascin C [Source:HGNC Symbol;Acc:HGNC:5318],194,no,-1.115886882,-1.997848845,-2.854045614,-5.354525975,-2.620693704,-2.537085653
20910.18446,-2.675429772,0.545396553,-4.905476128,9.32E-07,2.76E-05,ENSG00000130707,ASS1,protein_coding,argininosuccinate synthase 1 [Source:HGNC Symbol;Acc:HGNC:758],195,no,-1.283356956,-2.114082923,-5.232931656,-4.455829874,-2.690861878,-0.566242805
529.6615063,-2.672924662,0.610375517,-4.3791479,1.19E-05,0.000237417,ENSG00000241935,HOGA1,protein_coding,4-hydroxy-2-oxoglutarate aldolase 1 [Source:HGNC Symbol;Acc:HGNC:25155],196,no,-3.908105102,0.644105307,-5.606258982,-1.185981381,-2.796166298,-2.937042824
8719.026671,-2.671797058,0.460532414,-5.801539641,6.57E-09,4.08E-07,ENSG00000146674,IGFBP3,protein_coding,insulin like growth factor binding protein 3 [Source:HGNC Symbol;Acc:HGNC:5472],197,no,-4.029430757,-3.183970364,-3.709199944,-1.931483681,-0.46707382,-2.488315437
418.9459803,-2.665627564,0.576933348,-4.620338854,3.83E-06,9.26E-05,ENSG00000204472,AIF1,protein_coding,allograft inflammatory factor 1 [Source:HGNC Symbol;Acc:HGNC:352],198,no,-1.974138216,-4.381686038,-2.450849728,-5.65616119,-0.466171063,-1.628967754
244.7849153,-2.66471069,0.649427037,-4.103171777,4.08E-05,0.000669418,ENSG00000127951,FGL2,protein_coding,fibrinogen like 2 [Source:HGNC Symbol;Acc:HGNC:3696],199,no,-1.216668116,-3.316256912,-2.933848973,-8.05404672,-1.928925225,-0.975568748
592.944801,-2.661554004,0.547560076,-4.860752489,1.17E-06,3.31E-05,ENSG00000123146,ADGRE5,protein_coding,adhesion G protein-coupled receptor E5 [Source:HGNC Symbol;Acc:HGNC:1711],200,no,-0.926018888,-5.156977978,-1.938240742,-4.682436486,-1.553729208,-2.245726914
459.2312302,-2.655685713,0.620763068,-4.278098761,1.88E-05,0.000351686,ENSG00000111907,TPD52L1,protein_coding,tumor protein D52 like 1 [Source:HGNC Symbol;Acc:HGNC:12006],201,no,-1.918716263,-6.213837999,-2.438370178,-3.802088074,0.851559863,-2.635705039
11057.69197,-2.655318393,0.58347796,-4.550846092,5.34E-06,0.000122693,ENSG00000110243,APOA5,protein_coding,apolipoprotein A5 [Source:HGNC Symbol;Acc:HGNC:17288],202,no,-2.76255019,0.576652367,-5.174363009,-4.496133116,-2.25134464,-1.582003285
962.4172736,-2.649185002,0.560554885,-4.726004667,2.29E-06,5.99E-05,ENSG00000116260,QSOX1,protein_coding,quiescin sulfhydryl oxidase 1 [Source:HGNC Symbol;Acc:HGNC:9756],203,no,-0.014627689,-0.998540766,-3.844976948,-4.541810245,-4.07466156,-2.151277055
85.24368042,-2.647624762,0.520718648,-5.084559143,3.68E-07,1.26E-05,ENSG00000112320,SOBP,protein_coding,sine oculis binding protein homolog [Source:HGNC Symbol;Acc:HGNC:29256],204,no,-2.832909484,-3.784445207,-2.867851414,-3.124378336,-0.553885793,-2.626510011
2178.728373,-2.645769997,0.586251685,-4.513027534,6.39E-06,0.000143154,ENSG00000133027,PEMT,protein_coding,phosphatidylethanolamine N-methyltransferase [Source:HGNC Symbol;Acc:HGNC:8830],205,no,-4.400958602,0.670294716,-4.816501117,-3.386075055,-2.11012951,-1.33592215
20803.50828,-2.643407133,0.604655236,-4.371759272,1.23E-05,0.00024372,ENSG00000163586,FABP1,protein_coding,fatty acid binding protein 1 [Source:HGNC Symbol;Acc:HGNC:3555],206,no,-0.626054375,-2.794211046,-4.917497,-5.899318002,-1.098540571,-1.326505428
227.698831,-2.640647814,0.535164767,-4.934270675,8.05E-07,2.43E-05,ENSG00000086205,FOLH1,protein_coding,folate hydrolase 1 [Source:HGNC Symbol;Acc:HGNC:3788],207,no,-5.166417098,-0.699727743,-2.261554771,-3.595995477,-2.823315037,-1.610231191
420.2525349,-2.63356906,0.5371314,-4.903025699,9.44E-07,2.79E-05,ENSG00000197629,MPEG1,protein_coding,macrophage expressed 1 [Source:HGNC Symbol;Acc:HGNC:29619],208,no,-1.325114844,-4.067642652,-3.014072155,-4.957573263,-0.70395886,-1.943554782
160.6128826,-2.631608266,0.579782864,-4.538954894,5.65E-06,0.000129245,ENSG00000108381,ASPA,protein_coding,aspartoacylase [Source:HGNC Symbol;Acc:HGNC:756],209,no,-3.960703418,-3.818660922,-2.817386347,-1.112916432,-3.911851711,0.047611622
297.0234126,-2.624686184,0.56745803,-4.625339752,3.74E-06,9.10E-05,ENSG00000119699,TGFB3,protein_coding,transforming growth factor beta 3 [Source:HGNC Symbol;Acc:HGNC:11769],210,no,-0.818929456,-3.125942241,-0.362477178,-4.977787626,-3.718779864,-2.655173769
180.9479571,-2.624652462,0.421854178,-6.221705505,4.92E-10,4.31E-08,ENSG00000099337,KCNK6,protein_coding,potassium two pore domain channel subfamily K member 6 [Source:HGNC Symbol;Acc:HGNC:6281],211,no,-1.72929135,-3.310514019,-1.498394949,-3.006155157,-3.163390478,-3.06118553
807.3455472,-2.624473135,0.733170995,-3.579619425,0.000344095,0.003977205,ENSG00000198670,LPA,protein_coding,lipoprotein(a) [Source:HGNC Symbol;Acc:HGNC:6667],212,no,0.806900072,-4.086549178,-0.099332651,-7.125156689,-4.556956447,-1.348136706
132.781856,-2.611050107,0.622182583,-4.196597879,2.71E-05,0.000471253,ENSG00000110852,CLEC2B,protein_coding,C-type lectin domain family 2 member B [Source:HGNC Symbol;Acc:HGNC:2053],213,no,-1.099901903,-5.425991236,-0.611214779,-4.002122586,-3.648817305,-1.345441682
1203.85424,-2.608451358,0.500523711,-5.211444136,1.87E-07,7.16E-06,ENSG00000100577,GSTZ1,protein_coding,glutathione S-transferase zeta 1 [Source:HGNC Symbol;Acc:HGNC:4643],214,no,-2.434138738,-1.142687483,-4.847579019,-1.089777371,-3.934267132,-2.413045326
1836.627057,-2.599742657,0.437181625,-5.946596359,2.74E-09,1.96E-07,ENSG00000118514,ALDH8A1,protein_coding,aldehyde dehydrogenase 8 family member A1 [Source:HGNC Symbol;Acc:HGNC:15471],215,no,-1.232900689,-4.437363635,-2.580302111,-3.283832903,-1.576916511,-2.615306806
171.2651477,-2.596204759,0.770648452,-3.368857427,0.000754805,0.00753494,ENSG00000082397,EPB41L3,protein_coding,erythrocyte membrane protein band 4.1 like 3 [Source:HGNC Symbol;Acc:HGNC:3380],216,no,2.232336093,-6.525252868,-2.346614511,-5.638842868,-1.995267719,-1.424876149
593.1140352,-2.594110728,0.615084139,-4.217489223,2.47E-05,0.000438091,ENSG00000138166,DUSP5,protein_coding,dual specificity phosphatase 5 [Source:HGNC Symbol;Acc:HGNC:3071],217,no,-1.589614659,-3.998570012,-1.786931418,-6.823911731,-0.700495493,-2.102170531
1444.624927,-2.590916362,0.784163487,-3.304051266,0.000952984,0.009042281,ENSG00000275993,SIK1B,protein_coding,salt inducible kinase 1B (putative) [Source:HGNC Symbol;Acc:HGNC:52389],218,no,-0.592514442,1.363432752,-3.192813569,-9.134217069,-1.659859764,-4.682263992
6865.544894,-2.588977008,0.516752261,-5.010093236,5.44E-07,1.72E-05,ENSG00000167315,ACAA2,protein_coding,acetyl-CoA acyltransferase 2 [Source:HGNC Symbol;Acc:HGNC:83],219,no,-0.922541724,-1.291736504,-5.219474447,-2.32183584,-3.964289056,-2.212723748
143.315567,-2.58026815,0.591739673,-4.360478546,1.30E-05,0.000254684,ENSG00000038945,MSR1,protein_coding,macrophage scavenger receptor 1 [Source:HGNC Symbol;Acc:HGNC:7376],220,no,-2.382830342,-4.808013678,-3.393920225,-3.734736156,-0.212105763,-0.895196084
52.15924935,-2.576071031,0.754716825,-3.413294822,0.000641825,0.006553438,ENSG00000142675,CNKSR1,protein_coding,connector enhancer of kinase suppressor of Ras 1 [Source:HGNC Symbol;Acc:HGNC:19700],221,no,-3.784546462,-4.784445207,1.247625804,-2.498698276,-4.3857829,-0.656201695
344.5431529,-2.572081269,0.597355555,-4.305779441,1.66E-05,0.000316934,ENSG00000150687,PRSS23,protein_coding,serine protease 23 [Source:HGNC Symbol;Acc:HGNC:14370],222,no,-0.264771938,-3.390323287,-3.32515464,-5.816907714,-2.295775031,-0.746804244
101.0299458,-2.568227105,0.537416584,-4.778838579,1.76E-06,4.74E-05,ENSG00000203778,FAM229B,protein_coding,family with sequence similarity 229 member B [Source:HGNC Symbol;Acc:HGNC:33858],223,no,-1.356141739,-5.388516531,-1.793850832,-2.00316702,-3.189984688,-2.512338991
107.7070131,-2.567253607,0.601783275,-4.266076699,1.99E-05,0.00036503,ENSG00000167191,GPRC5B,protein_coding,G protein-coupled receptor class C group 5 member B [Source:HGNC Symbol;Acc:HGNC:13308],224,no,0.244897315,-4.406483077,-4.13088582,-3.002004337,-2.522640199,-1.456819042
340.2191597,-2.566144139,0.677567107,-3.787291492,0.000152298,0.002046864,ENSG00000088881,EBF4,protein_coding,early B cell factor 4 [Source:HGNC Symbol;Acc:HGNC:29278],225,no,0.451052201,-3.169735363,1.269107799,-3.780256792,-4.614051887,-4.033685392
195131.235,-2.561090275,0.612739577,-4.179736986,2.92E-05,0.000500589,ENSG00000171564,FGB,protein_coding,fibrinogen beta chain [Source:HGNC Symbol;Acc:HGNC:3662],226,no,1.116374578,-2.948246752,-1.719926835,-6.088472674,-2.434686325,-3.17383583
145.0722582,-2.558344997,0.551922996,-4.635329596,3.56E-06,8.75E-05,ENSG00000035115,SH3YL1,protein_coding,SH3 and SYLF domain containing 1 [Source:HGNC Symbol;Acc:HGNC:29546],227,no,-1.458793279,-5.807345609,-1.570170865,-1.94901125,-3.320194558,-2.199809594
102.1801628,-2.55775495,0.495496861,-5.162000307,2.44E-07,8.97E-06,ENSG00000117525,F3,protein_coding,"coagulation factor III, tissue factor [Source:HGNC Symbol;Acc:HGNC:3541]",228,no,-2.444055916,-3.113344181,-2.645458992,-2.81335615,-3.230504674,-0.102948054
487.5645906,-2.556856533,0.580421821,-4.405169549,1.06E-05,0.000218482,ENSG00000176641,RNF152,protein_coding,ring finger protein 152 [Source:HGNC Symbol;Acc:HGNC:26811],229,no,-1.217630417,-0.811212117,-6.264741566,-4.16550307,-2.467440716,-1.69327144
1699.591448,-2.556108578,0.582350066,-4.389299024,1.14E-05,0.000230447,ENSG00000184557,SOCS3,protein_coding,suppressor of cytokine signaling 3 [Source:HGNC Symbol;Acc:HGNC:19391],230,no,-0.745957965,-4.496883771,-0.915568915,-5.422415811,-3.013551969,-1.202928936
245.0884326,-2.554036768,0.568034362,-4.496271598,6.92E-06,0.000154238,ENSG00000119943,PYROXD2,protein_coding,pyridine nucleotide-disulphide oxidoreductase domain 2 [Source:HGNC Symbol;Acc:HGNC:23517],231,no,-2.502307846,-3.374386202,-1.699354117,0.619587805,-4.263695384,-3.58749635
421.8380175,-2.553769116,0.49648371,-5.143711792,2.69E-07,9.72E-06,ENSG00000138744,NAAA,protein_coding,N-acylethanolamine acid amidase [Source:HGNC Symbol;Acc:HGNC:736],232,no,-2.093406772,-1.953549995,-3.792234367,-4.226412619,-2.83014707,-0.343608768
955.8558458,-2.549011225,0.5573757,-4.573237096,4.80E-06,0.000112934,ENSG00000011600,TYROBP,protein_coding,TYRO protein tyrosine kinase binding protein [Source:HGNC Symbol;Acc:HGNC:12449],233,no,-1.81251932,-5.540262207,-3.145298477,-3.597721095,-0.545544616,-1.066211581
1802.717763,-2.546439781,0.643524179,-3.957022695,7.59E-05,0.001132727,ENSG00000167588,GPD1,protein_coding,glycerol-3-phosphate dehydrogenase 1 [Source:HGNC Symbol;Acc:HGNC:4455],234,no,-1.022829622,-6.345703447,-5.304004139,0.100192748,-1.87328003,-2.218613083
6552.839514,-2.544651444,0.651732573,-3.904441097,9.44E-05,0.001370135,ENSG00000180432,CYP8B1,protein_coding,cytochrome P450 family 8 subfamily B member 1 [Source:HGNC Symbol;Acc:HGNC:2653],235,no,-2.190945782,-2.700493429,-8.691757512,-2.286404069,-1.133786765,-1.45907525
233.7542092,-2.544619458,0.477508906,-5.328946593,9.88E-08,4.13E-06,ENSG00000204482,LST1,protein_coding,leukocyte specific transcript 1 [Source:HGNC Symbol;Acc:HGNC:14189],236,no,-2.304936962,-4.079188473,-2.251398627,-3.601584657,-0.623038864,-2.377428987
1843.488889,-2.543981352,0.494912934,-5.140260395,2.74E-07,9.84E-06,ENSG00000165272,AQP3,protein_coding,aquaporin 3 (Gill blood group) [Source:HGNC Symbol;Acc:HGNC:636],237,no,-1.579536119,-2.108397347,-2.586991569,-5.687825268,-1.575387523,-2.50476895
678.0250154,-2.542532296,0.568572601,-4.471781252,7.76E-06,0.000169835,ENSG00000196083,IL1RAP,protein_coding,interleukin 1 receptor accessory protein [Source:HGNC Symbol;Acc:HGNC:5995],238,no,-1.828316373,-4.340887668,0.736324701,-4.498955161,-2.483514076,-2.375000243
439.8584961,-2.541764815,0.76109229,-3.339627595,0.000838908,0.008221193,ENSG00000184999,SLC22A10,protein_coding,solute carrier family 22 member 10 [Source:HGNC Symbol;Acc:HGNC:18057],239,no,-0.999611295,-2.512359063,-0.81411943,-7.500673741,-6.413004368,0.325672417
78.93816306,-2.54008092,0.579465762,-4.383487491,1.17E-05,0.000233935,ENSG00000277632,CCL3,protein_coding,C-C motif chemokine ligand 3 [Source:HGNC Symbol;Acc:HGNC:10627],240,no,-0.419751718,-3.203914953,-3.193621575,-3.83117476,-0.940998057,-3.3945025
769.4733539,-2.539695355,0.565468029,-4.491315555,7.08E-06,0.00015697,ENSG00000118523,CTGF,protein_coding,connective tissue growth factor [Source:HGNC Symbol;Acc:HGNC:2500],241,no,0.083944253,-5.579980601,-1.770889684,-3.319542364,-3.039143051,-1.841156815
259.5083459,-2.52903956,0.525653534,-4.811229059,1.50E-06,4.14E-05,ENSG00000099864,PALM,protein_coding,paralemmin [Source:HGNC Symbol;Acc:HGNC:8594],242,no,-1.035608227,-1.339897826,-1.94234514,-5.09676487,-3.6113426,-2.603440069
222.393809,-2.527781771,0.665427025,-3.798736262,0.000145436,0.001975152,ENSG00000169442,CD52,protein_coding,CD52 molecule [Source:HGNC Symbol;Acc:HGNC:1804],243,no,-0.678224594,-5.084406182,-0.643534116,-6.747753042,-2.156664615,-1.747953344
153.3591478,-2.525451243,0.426590746,-5.920079769,3.22E-09,2.23E-07,ENSG00000241399,CD302,protein_coding,CD302 molecule [Source:HGNC Symbol;Acc:HGNC:30843],244,no,-2.87054898,-2.402330106,-1.420392437,-3.76056616,-2.383989618,-2.322996535
2343.093842,-2.512443374,0.385816531,-6.51201588,7.41E-11,8.28E-09,ENSG00000106991,ENG,protein_coding,endoglin [Source:HGNC Symbol;Acc:HGNC:3349],245,no,-0.904051269,-3.473960646,-2.349470651,-3.024906676,-2.693391917,-2.526060171
4342.125419,-2.505355158,0.633220625,-3.956528036,7.60E-05,0.001133984,ENSG00000204287,HLA-DRA,protein_coding,"major histocompatibility complex, class II, DR alpha [Source:HGNC Symbol;Acc:HGNC:4947]",246,no,-0.731028504,-6.086151256,-3.505524601,-4.13362702,-1.217172176,0.124833863
275.4028833,-2.505270383,0.497272966,-5.03801846,4.70E-07,1.53E-05,ENSG00000105472,CLEC11A,protein_coding,C-type lectin domain containing 11A [Source:HGNC Symbol;Acc:HGNC:10576],247,no,-1.868257169,-4.064353431,-3.864492402,-0.968273152,-3.099021659,-1.253507731
6080.368673,-2.504864458,0.554780731,-4.515053099,6.33E-06,0.000142203,ENSG00000163453,IGFBP7,protein_coding,insulin like growth factor binding protein 7 [Source:HGNC Symbol;Acc:HGNC:5476],248,no,0.039459226,-2.975273575,-2.802854159,-5.390411343,-3.021430485,-0.938731385
221.2856244,-2.498183074,0.56758651,-4.401413757,1.08E-05,0.000221262,ENSG00000166401,SERPINB8,protein_coding,serpin family B member 8 [Source:HGNC Symbol;Acc:HGNC:8952],249,no,-2.471956232,-5.329095445,-1.123690318,-3.701083736,-0.514031313,-2.267334872
2472.352672,-2.497052338,0.584975283,-4.268645888,1.97E-05,0.000361721,ENSG00000231389,HLA-DPA1,protein_coding,"major histocompatibility complex, class II, DP alpha 1 [Source:HGNC Symbol;Acc:HGNC:4938]",250,no,-1.317334697,-5.51844438,-2.836186978,-4.31193398,-1.305968559,-0.134041824
1209.335762,-2.496846062,0.464150392,-5.379390178,7.47E-08,3.28E-06,ENSG00000142627,EPHA2,protein_coding,EPH receptor A2 [Source:HGNC Symbol;Acc:HGNC:3386],251,no,-0.83443645,-3.743160918,-1.296751566,-4.056056561,-2.412933774,-2.620047102
1656.452236,-2.496245748,0.547137171,-4.562376455,5.06E-06,0.000117709,ENSG00000142871,CYR61,protein_coding,cysteine rich angiogenic inducer 61 [Source:HGNC Symbol;Acc:HGNC:2654],252,no,-0.362014427,-4.165664606,-0.77248177,-4.799539403,-2.060003689,-2.868081178
46.55287064,-2.489367742,0.740460923,-3.361916431,0.000774035,0.007667742,ENSG00000152049,KCNE4,protein_coding,potassium voltage-gated channel subfamily E regulatory subunit 4 [Source:HGNC Symbol;Acc:HGNC:6244],253,no,1.748885738,-2.975165408,-2.661400536,-4.040509604,-3.988303772,-1.796844927
129.6491165,-2.489218357,0.560286084,-4.44276313,8.88E-06,0.000188851,ENSG00000122035,RASL11A,protein_coding,RAS like family 11 member A [Source:HGNC Symbol;Acc:HGNC:23802],254,no,-1.027728933,-0.660743222,-4.090243835,-3.598514003,-3.871209727,-1.881921175
1228.697505,-2.484619529,0.556389493,-4.465611874,7.98E-06,0.000173823,ENSG00000223865,HLA-DPB1,protein_coding,"major histocompatibility complex, class II, DP beta 1 [Source:HGNC Symbol;Acc:HGNC:4940]",255,no,-1.408410416,-5.603659213,-3.033409668,-3.495272757,-1.448367437,-0.441244016
518.5577349,-2.481508526,0.549141688,-4.518885714,6.22E-06,0.000140262,ENSG00000182578,CSF1R,protein_coding,colony stimulating factor 1 receptor [Source:HGNC Symbol;Acc:HGNC:2433],256,no,-2.128972322,-4.707289312,-2.802538055,-2.566007578,0.805305402,-2.93114332
206.1567045,-2.481226276,0.495225108,-5.010299833,5.43E-07,1.72E-05,ENSG00000165168,CYBB,protein_coding,cytochrome b-245 beta chain [Source:HGNC Symbol;Acc:HGNC:2578],257,no,-2.332532315,-4.662407535,-2.512756455,-2.931733258,-0.70395886,-1.918319994
424.2869974,-2.478447363,0.753708783,-3.288335518,0.001007817,0.009441362,ENSG00000134531,EMP1,protein_coding,epithelial membrane protein 1 [Source:HGNC Symbol;Acc:HGNC:3333],258,no,2.054020109,-5.41820648,-2.417766967,-6.565412215,-2.125255349,-0.496134833
1194.870539,-2.470256122,0.590555635,-4.182935482,2.88E-05,0.000495237,ENSG00000112964,GHR,protein_coding,growth hormone receptor [Source:HGNC Symbol;Acc:HGNC:4263],259,no,1.027513803,-1.655738001,-3.118725765,-1.644793409,-4.678361581,-4.165957852
39.32737656,-2.468221608,0.681374694,-3.622414554,0.000291866,0.003487007,ENSG00000066735,KIF26A,protein_coding,kinesin family member 26A [Source:HGNC Symbol;Acc:HGNC:20226],260,no,-0.433639301,-4.413607512,-0.817225341,-3.581279465,-2.519534288,-3.350875568
761.9643852,-2.467671518,0.48066917,-5.133825244,2.84E-07,1.01E-05,ENSG00000103187,COTL1,protein_coding,coactosin like F-actin binding protein 1 [Source:HGNC Symbol;Acc:HGNC:18304],261,no,-1.459415935,-5.325614586,-1.907052864,-2.755667361,-1.898364775,-2.095738723
2158.302902,-2.463877045,0.470003397,-5.242253692,1.59E-07,6.19E-06,ENSG00000010327,STAB1,protein_coding,stabilin 1 [Source:HGNC Symbol;Acc:HGNC:18628],262,no,-2.329571737,-3.457550859,-2.228167394,-2.884745846,0.151875938,-3.60006887
1263.732468,-2.46257962,0.482215378,-5.106804413,3.28E-07,1.14E-05,ENSG00000035862,TIMP2,protein_coding,TIMP metallopeptidase inhibitor 2 [Source:HGNC Symbol;Acc:HGNC:11821],263,no,-0.800165014,-3.626215539,-1.270137006,-4.150422662,-3.250732939,-1.696318051
65.73681804,-2.461241395,0.615270278,-4.000260509,6.33E-05,0.000980007,ENSG00000162367,TAL1,protein_coding,"TAL bHLH transcription factor 1, erythroid differentiation factor [Source:HGNC Symbol;Acc:HGNC:11556]",264,no,-0.38482109,-2.33698623,-1.073170322,-4.127814403,-2.827523192,-4.331766745
135.9919947,-2.459252331,0.538863505,-4.563776,5.02E-06,0.000117102,ENSG00000168461,RAB31,protein_coding,"RAB31, member RAS oncogene family [Source:HGNC Symbol;Acc:HGNC:9771]",265,no,-1.080576782,-3.658164678,-3.654447776,-3.719747581,-2.059642553,-0.63988904
1251.561118,-2.458679335,0.47277979,-5.200474701,1.99E-07,7.53E-06,ENSG00000125735,TNFSF14,protein_coding,TNF superfamily member 14 [Source:HGNC Symbol;Acc:HGNC:11930],266,no,-2.750111369,-2.982370492,-3.454627485,-3.255767033,0.241882213,-2.036838259
160.1769332,-2.456508454,0.508340552,-4.832407024,1.35E-06,3.76E-05,ENSG00000167641,PPP1R14A,protein_coding,protein phosphatase 1 regulatory inhibitor subunit 14A [Source:HGNC Symbol;Acc:HGNC:14871],267,no,-0.791778032,-2.154135549,-4.331025434,-3.615587516,-2.426424884,-1.647268571
83.42781462,-2.456363989,0.644543323,-3.81101456,0.000138398,0.001906252,ENSG00000020633,RUNX3,protein_coding,runt related transcription factor 3 [Source:HGNC Symbol;Acc:HGNC:10473],268,no,-0.677995867,-5.421875128,-1.318512823,-3.78726018,-3.473730599,-0.736077838
950.1447818,-2.450549987,0.453348132,-5.405448517,6.46E-08,2.90E-06,ENSG00000253276,CCDC71L,protein_coding,coiled-coil domain containing 71 like [Source:HGNC Symbol;Acc:HGNC:26685],269,no,-1.535773636,-2.72738235,-2.928780412,-4.3514387,-0.844744967,-2.384441285
917.4582108,-2.447899764,0.649232084,-3.770454088,0.000162951,0.002173097,ENSG00000203747,FCGR3A,protein_coding,Fc fragment of IgG receptor IIIa [Source:HGNC Symbol;Acc:HGNC:3619],270,no,-2.610920557,-5.775956471,-3.894779741,1.745296448,-1.74630515,-1.872014492
9955.970727,-2.447695014,0.558599198,-4.381844842,1.18E-05,0.0002351,ENSG00000083807,SLC27A5,protein_coding,solute carrier family 27 member 5 [Source:HGNC Symbol;Acc:HGNC:10999],271,no,-2.549119539,0.243913389,-4.991761054,-3.657380067,-2.782419172,-0.778878078
917.7299586,-2.447568166,0.672233109,-3.64095153,0.000271632,0.003310081,ENSG00000160870,CYP3A7,protein_coding,cytochrome P450 family 3 subfamily A member 7 [Source:HGNC Symbol;Acc:HGNC:2640],272,no,-1.789783111,-2.020093725,-1.553658968,-4.171704954,-7.097563828,0.701880993
55.94829782,-2.447358846,0.578793416,-4.228380588,2.35E-05,0.000422404,ENSG00000100276,RASL10A,protein_coding,RAS like family 10 member A [Source:HGNC Symbol;Acc:HGNC:16954],273,no,-1.272647424,-4.355601908,-2.596549392,-2.623610963,-2.841462383,-1.218425272
515.4125012,-2.445457922,0.584229877,-4.185780322,2.84E-05,0.000490707,ENSG00000107796,ACTA2,protein_coding,"actin, alpha 2, smooth muscle, aorta [Source:HGNC Symbol;Acc:HGNC:130]",274,no,0.238438764,-3.190408139,-2.648608983,-5.692403113,-1.157936048,-2.518535257
1083.274649,-2.445379618,0.682386625,-3.583569092,0.000338931,0.003932158,ENSG00000084207,GSTP1,protein_coding,glutathione S-transferase pi 1 [Source:HGNC Symbol;Acc:HGNC:4638],275,no,-1.597333703,-4.264317162,-1.666577058,-6.896296433,-2.295053123,1.318707324
185.5281682,-2.445214573,0.373232685,-6.551448116,5.70E-11,6.50E-09,ENSG00000156113,KCNMA1,protein_coding,potassium calcium-activated channel subfamily M alpha 1 [Source:HGNC Symbol;Acc:HGNC:6284],276,no,-1.717432267,-2.490531488,-2.048423659,-2.59286744,-2.903000794,-2.916124215
464.6443557,-2.444409788,0.630621415,-3.876192163,0.000106104,0.001518191,ENSG00000135318,NT5E,protein_coding,5'-nucleotidase ecto [Source:HGNC Symbol;Acc:HGNC:8021],277,no,-1.867264261,-5.955285915,-0.139357336,-2.468591229,-0.504427396,-4.609115748
661.9901485,-2.442983996,0.470458051,-5.192777525,2.07E-07,7.80E-06,ENSG00000066336,SPI1,protein_coding,Spi-1 proto-oncogene [Source:HGNC Symbol;Acc:HGNC:11241],278,no,-1.871137655,-4.313026331,-2.139261431,-3.540758355,-0.631882014,-2.234070071
825.5559794,-2.427864695,0.550542169,-4.409952284,1.03E-05,0.000214856,ENSG00000147100,SLC16A2,protein_coding,solute carrier family 16 member 2 [Source:HGNC Symbol;Acc:HGNC:10923],279,no,-2.835730003,-1.368347948,-2.576709444,-5.668351173,-0.167187601,-2.467476301
79.04321701,-2.42662199,0.658993708,-3.682314356,0.000231126,0.002902728,ENSG00000163637,PRICKLE2,protein_coding,prickle planar cell polarity protein 2 [Source:HGNC Symbol;Acc:HGNC:20340],280,no,-1.043933091,-4.256066235,0.856709159,-3.797008156,-3.531777884,-2.306231653
127.9027205,-2.423091239,0.601913767,-4.025645155,5.68E-05,0.000888224,ENSG00000151014,NOCT,protein_coding,nocturnin [Source:HGNC Symbol;Acc:HGNC:14254],281,no,-1.284472859,-1.938955156,-0.282888913,-5.570249137,-2.797960745,-3.097301491
2594.830995,-2.422604932,0.458564128,-5.283023207,1.27E-07,5.12E-06,ENSG00000115107,STEAP3,protein_coding,STEAP3 metalloreductase [Source:HGNC Symbol;Acc:HGNC:24592],282,no,-3.732724308,-2.550816638,-1.751868383,-0.958660142,-1.509153519,-4.149701744
165.9243068,-2.419609799,0.662219149,-3.653790142,0.000258397,0.003178371,ENSG00000110079,MS4A4A,protein_coding,membrane spanning 4-domains A4A [Source:HGNC Symbol;Acc:HGNC:13371],283,no,-1.039493753,-4.111145239,-4.56087366,-4.557356678,0.463392198,-0.743558585
588.9203862,-2.41926152,0.468596805,-5.162778522,2.43E-07,8.95E-06,ENSG00000173898,SPTBN2,protein_coding,"spectrin beta, non-erythrocytic 2 [Source:HGNC Symbol;Acc:HGNC:11276]",284,no,-2.106082999,-1.38807242,-2.612922058,-4.909465122,-1.428093704,-2.450965378
215.1236102,-2.416123221,0.6394479,-3.77845204,0.000157806,0.002109928,ENSG00000011422,PLAUR,protein_coding,"plasminogen activator, urokinase receptor [Source:HGNC Symbol;Acc:HGNC:9053]",285,no,-0.932797421,-4.584733658,-2.13088582,-5.219409044,-2.286247226,0.528126371
200.130038,-2.413126079,0.442127962,-5.457981148,4.82E-08,2.24E-06,ENSG00000145555,MYO10,protein_coding,myosin X [Source:HGNC Symbol;Acc:HGNC:7593],286,no,-0.832074832,-3.125158977,-2.392723465,-2.790313504,-3.462048794,-1.882224454
1369.97744,-2.409682,0.550936103,-4.373795775,1.22E-05,0.000242073,ENSG00000134716,CYP2J2,protein_coding,cytochrome P450 family 2 subfamily J member 2 [Source:HGNC Symbol;Acc:HGNC:2634],287,no,-3.152933868,0.613743709,-3.901600205,-3.9878065,-0.915229349,-2.513351337
5287.753576,-2.40522488,0.535908583,-4.488125316,7.19E-06,0.000158658,ENSG00000105835,NAMPT,protein_coding,nicotinamide phosphoribosyltransferase [Source:HGNC Symbol;Acc:HGNC:30092],288,no,-0.377082975,-3.202889308,-2.020339365,-5.157218963,-0.823089563,-3.070915614
67.96337249,-2.403916248,0.596464339,-4.030276567,5.57E-05,0.00087531,ENSG00000122870,BICC1,protein_coding,BicC family RNA binding protein 1 [Source:HGNC Symbol;Acc:HGNC:19351],289,no,-2.910077344,-2.234771456,0.352793345,-3.982958582,-3.063854805,-2.345441682
2390.569797,-2.393497057,0.698386103,-3.427183112,0.000609878,0.00631318,ENSG00000166126,AMN,protein_coding,amnion associated transmembrane protein [Source:HGNC Symbol;Acc:HGNC:14604],290,no,-1.771511375,0.587690849,-0.687290991,-7.119826529,-5.11801897,-1.98726669
268.4746652,-2.390927384,0.538892317,-4.436744242,9.13E-06,0.000193149,ENSG00000119535,CSF3R,protein_coding,colony stimulating factor 3 receptor [Source:HGNC Symbol;Acc:HGNC:2439],291,no,-3.155189842,-4.226821415,-1.339919858,-3.598413812,-1.934974269,0.0384717
1324.092494,-2.384302033,0.38791765,-6.146412869,7.93E-10,6.65E-08,ENSG00000162407,PLPP3,protein_coding,phospholipid phosphatase 3 [Source:HGNC Symbol;Acc:HGNC:9229],292,no,-1.09551635,-2.426640076,-3.537411819,-2.93992967,-2.576245147,-1.729537958
193.4464297,-2.379014214,0.625965211,-3.800553405,0.000144373,0.001965883,ENSG00000178695,KCTD12,protein_coding,potassium channel tetramerization domain containing 12 [Source:HGNC Symbol;Acc:HGNC:14678],293,no,-0.372420559,-5.16295683,-3.49766815,-3.863281376,-0.138848294,-1.468883332
125.8695128,-2.371607317,0.548224567,-4.325977822,1.52E-05,0.000292465,ENSG00000136250,AOAH,protein_coding,acyloxyacyl hydrolase [Source:HGNC Symbol;Acc:HGNC:548],294,no,-1.102722422,-5.462517112,-1.710310137,-2.880624275,-2.019000569,-1.87139188
194.7252356,-2.362981052,0.504423773,-4.684515634,2.81E-06,7.14E-05,ENSG00000169554,ZEB2,protein_coding,zinc finger E-box binding homeobox 2 [Source:HGNC Symbol;Acc:HGNC:14881],295,no,-0.910077344,-4.32430097,-1.939265747,-3.685976844,-1.468418973,-2.087841162
203.5801562,-2.362963476,0.546699331,-4.3222359,1.54E-05,0.000296735,ENSG00000115641,FHL2,protein_coding,four and a half LIM domains 2 [Source:HGNC Symbol;Acc:HGNC:3703],296,no,-0.374395747,-3.081147326,-4.160633163,-3.376872789,-0.455107639,-2.606482956
185.2434302,-2.36112673,0.458413581,-5.150647419,2.60E-07,9.41E-06,ENSG00000172403,SYNPO2,protein_coding,synaptopodin 2 [Source:HGNC Symbol;Acc:HGNC:17732],297,no,-0.495688685,-2.742777932,-2.416640302,-3.495754428,-2.087218798,-2.803387773
56.51585272,-2.360864501,0.622274621,-3.793927026,0.000148283,0.002007537,ENSG00000104415,WISP1,protein_coding,WNT1 inducible signaling pathway protein 1 [Source:HGNC Symbol;Acc:HGNC:12769],298,no,-0.87054898,-4.042126378,-3.157358031,-2.905421981,-2.892088456,-0.120021568
221.9822122,-2.357711169,0.353520697,-6.669230927,2.57E-11,3.14E-09,ENSG00000111339,ART4,protein_coding,ADP-ribosyltransferase 4 (Dombrock blood group) [Source:HGNC Symbol;Acc:HGNC:726],299,no,-2.094501916,-1.873541549,-2.389521762,-3.037449214,-2.091746087,-2.679297425
396.2215135,-2.356467633,0.687322018,-3.42847686,0.000606978,0.006298211,ENSG00000175745,NR2F1,protein_coding,nuclear receptor subfamily 2 group F member 1 [Source:HGNC Symbol;Acc:HGNC:7975],300,no,-1.947702417,-2.182271096,-4.229449654,-7.43013794,0.013823178,-0.299966717
630.3856398,-2.354566874,0.589497198,-3.994195192,6.49E-05,0.000997689,ENSG00000060138,YBX3,protein_coding,Y-box binding protein 3 [Source:HGNC Symbol;Acc:HGNC:2428],301,no,-0.147958273,-3.73909805,-1.871545897,-5.937948355,-1.981861432,-1.292193666
10288.56333,-2.354565746,0.440657929,-5.343295997,9.13E-08,3.87E-06,ENSG00000147872,PLIN2,protein_coding,perilipin 2 [Source:HGNC Symbol;Acc:HGNC:248],302,no,-3.989410801,-2.892257363,-2.591116097,-2.402403806,-0.388526865,-1.762711323
1280.240398,-2.353692261,0.523622096,-4.495020891,6.96E-06,0.000154703,ENSG00000120158,RCL1,protein_coding,RNA terminal phosphate cyclase like 1 [Source:HGNC Symbol;Acc:HGNC:17687],303,no,-0.79602468,-0.817464162,-3.50990065,-5.056479329,-2.467622676,-1.858971984
529.6603452,-2.351671306,0.534260331,-4.40173296,1.07E-05,0.000221262,ENSG00000164741,DLC1,protein_coding,DLC1 Rho GTPase activating protein [Source:HGNC Symbol;Acc:HGNC:2897],304,no,0.626102783,-2.93413814,-2.541954417,-4.573502115,-2.194860817,-2.129302317
731.2426284,-2.349310737,0.400595152,-5.864551087,4.50E-09,2.99E-07,ENSG00000158125,XDH,protein_coding,xanthine dehydrogenase [Source:HGNC Symbol;Acc:HGNC:12805],305,no,-1.023086306,-2.927595294,-2.958165284,-1.939488476,-3.407977235,-1.843377504
148.4153065,-2.346587438,0.617079834,-3.802729093,0.000143111,0.001953441,ENSG00000184588,PDE4B,protein_coding,phosphodiesterase 4B [Source:HGNC Symbol;Acc:HGNC:8781],306,no,-4.207757893,-3.877554611,-1.067460439,0.921810091,-2.585623479,-2.821766302
91.05016306,-2.343201001,0.581374292,-4.030451692,5.57E-05,0.00087531,ENSG00000156299,TIAM1,protein_coding,T cell lymphoma invasion and metastasis 1 [Source:HGNC Symbol;Acc:HGNC:11805],307,no,-4.647042939,-1.278092541,-1.21334798,-4.103588287,-2.113541929,-1.207284714
612.3213966,-2.338381419,0.430173785,-5.435899402,5.45E-08,2.49E-06,ENSG00000180353,HCLS1,protein_coding,hematopoietic cell-specific Lyn substrate 1 [Source:HGNC Symbol;Acc:HGNC:4844],308,no,-1.812629004,-3.649824192,-1.48891384,-3.755437498,-1.48136056,-1.987354636
209.4573495,-2.337321233,0.500434941,-4.670579614,3.00E-06,7.56E-05,ENSG00000169418,NPR1,protein_coding,natriuretic peptide receptor 1 [Source:HGNC Symbol;Acc:HGNC:7943],309,no,-0.831833033,-2.616168059,-1.858899813,-4.875613172,-1.989216004,-2.262225812
251740.2879,-2.334089417,0.56022479,-4.1663444,3.10E-05,0.000529738,ENSG00000171560,FGA,protein_coding,fibrinogen alpha chain [Source:HGNC Symbol;Acc:HGNC:3661],310,no,0.863314469,-2.235038792,-1.812710535,-5.092119595,-2.164687106,-3.331447437
582.8717039,-2.331134925,0.462472538,-5.040591031,4.64E-07,1.52E-05,ENSG00000197019,SERTAD1,protein_coding,SERTA domain containing 1 [Source:HGNC Symbol;Acc:HGNC:17932],311,no,-2.730527924,-3.122441671,-0.908493398,-4.177293155,-1.861843883,-1.260420617
128.8076212,-2.329792832,0.430015003,-5.417933826,6.03E-08,2.74E-06,ENSG00000155254,MARVELD1,protein_coding,MARVEL domain containing 1 [Source:HGNC Symbol;Acc:HGNC:28674],312,no,-1.904663848,-3.418413829,-1.390645093,-3.007904939,-2.004961116,-2.296142835
2767.108288,-2.329407669,0.453754228,-5.133632979,2.84E-07,1.01E-05,ENSG00000108821,COL1A1,protein_coding,collagen type I alpha 1 chain [Source:HGNC Symbol;Acc:HGNC:2197],313,no,-0.410723559,-3.802051781,-2.894152375,-3.018829065,-2.470998902,-1.228512783
144.6865988,-2.328787621,0.578370123,-4.026465977,5.66E-05,0.000886023,ENSG00000175489,LRRC25,protein_coding,leucine rich repeat containing 25 [Source:HGNC Symbol;Acc:HGNC:29806],314,no,-1.879315091,-3.506911232,-4.295945066,-2.502351771,0.836609522,-2.134096753
575.9331717,-2.328629926,0.389834041,-5.973387861,2.32E-09,1.69E-07,ENSG00000153823,PID1,protein_coding,phosphotyrosine interaction domain containing 1 [Source:HGNC Symbol;Acc:HGNC:26084],315,no,-3.241920908,-1.470235025,-1.308089467,-2.406975074,-2.34778039,-3.211169456
6031.869777,-2.326695542,0.611802676,-3.803016288,0.000142945,0.001953441,ENSG00000171223,JUNB,protein_coding,"JunB proto-oncogene, AP-1 transcription factor subunit [Source:HGNC Symbol;Acc:HGNC:6205]",316,no,-1.167769329,-2.321161263,1.277964184,-5.38242973,-2.223266093,-3.846592667
156.2613715,-2.326138755,0.506612794,-4.591551537,4.40E-06,0.000104587,ENSG00000183018,SPNS2,protein_coding,sphingolipid transporter 2 [Source:HGNC Symbol;Acc:HGNC:26992],317,no,-1.202103954,-1.285705725,-3.243360549,-3.523481377,-1.090634136,-3.704984069
20047.30495,-2.324642522,0.544637712,-4.268236427,1.97E-05,0.000361942,ENSG00000143878,RHOB,protein_coding,ras homolog family member B [Source:HGNC Symbol;Acc:HGNC:668],318,no,-2.101616879,-0.631034183,-1.836744165,-5.153291914,-0.733721775,-3.989423923
85.72783191,-2.324521377,0.550727302,-4.220821031,2.43E-05,0.000433876,ENSG00000142279,WTIP,protein_coding,WT1 interacting protein [Source:HGNC Symbol;Acc:HGNC:20964],319,no,-0.42665287,-4.034598322,-1.56260206,-3.558426794,-2.267727138,-2.195394303
225.8602447,-2.322997242,0.475649244,-4.883845124,1.04E-06,3.00E-05,ENSG00000147443,DOK2,protein_coding,docking protein 2 [Source:HGNC Symbol;Acc:HGNC:2991],320,no,-1.550881992,-4.521912521,-2.545923319,-2.765147057,-1.481286819,-1.369593714
1055.621404,-2.322280578,0.373362874,-6.219902249,4.97E-10,4.34E-08,ENSG00000113492,AGXT2,protein_coding,alanine--glyoxylate aminotransferase 2 [Source:HGNC Symbol;Acc:HGNC:14412],321,no,-1.279232407,-1.674521866,-2.927793954,-3.259284503,-2.728031136,-2.06106934
384.4531571,-2.316372313,0.415308014,-5.577480409,2.44E-08,1.26E-06,ENSG00000010810,FYN,protein_coding,"FYN proto-oncogene, Src family tyrosine kinase [Source:HGNC Symbol;Acc:HGNC:4037]",322,no,-0.81275016,-2.566995331,-2.09992551,-2.685976844,-3.635313041,-2.082643958
8589.233489,-2.316085585,0.522304021,-4.434362921,9.23E-06,0.000194765,ENSG00000166347,CYB5A,protein_coding,cytochrome b5 type A [Source:HGNC Symbol;Acc:HGNC:2570],323,no,-2.039619449,-0.750873713,-4.988400559,-3.587491403,-2.227443849,-0.649276766
2904.936866,-2.312683587,0.460613089,-5.020881172,5.14E-07,1.64E-05,ENSG00000101323,HAO1,protein_coding,hydroxyacid oxidase 1 [Source:HGNC Symbol;Acc:HGNC:4809],324,no,-0.891991036,-0.940178742,-4.151537404,-3.31878326,-2.512085483,-2.119444374
146.1332117,-2.311426165,0.550891081,-4.195795223,2.72E-05,0.000472142,ENSG00000159714,ZDHHC1,protein_coding,zinc finger DHHC-type containing 1 [Source:HGNC Symbol;Acc:HGNC:17916],325,no,-2.609568233,0.580435033,-4.189779509,-2.552868062,-2.480872668,-2.272873056
1365.788222,-2.310397554,0.421467036,-5.481798951,4.21E-08,2.00E-06,ENSG00000139344,AMDHD1,protein_coding,amidohydrolase domain containing 1 [Source:HGNC Symbol;Acc:HGNC:28577],326,no,-2.17120216,-0.927564037,-2.176945439,-3.082036668,-3.920566157,-1.649096155
57766.13596,-2.309023502,0.40462214,-5.706616803,1.15E-08,6.55E-07,ENSG00000118271,TTR,protein_coding,transthyretin [Source:HGNC Symbol;Acc:HGNC:12405],327,no,-1.191532179,-1.468747226,-3.496287178,-3.069143222,-3.014755996,-1.61801774
19925.3974,-2.307621556,0.468709561,-4.92335072,8.51E-07,2.54E-05,ENSG00000132703,APCS,protein_coding,"amyloid P component, serum [Source:HGNC Symbol;Acc:HGNC:584]",328,no,-0.020050867,-1.322648372,-3.285957153,-3.678109717,-2.452570931,-2.803941165
7911.109677,-2.307528101,0.477226753,-4.835286551,1.33E-06,3.72E-05,ENSG00000025423,HSD17B6,protein_coding,hydroxysteroid 17-beta dehydrogenase 6 [Source:HGNC Symbol;Acc:HGNC:23316],329,no,-1.164293953,-0.185237585,-3.201303142,-3.930501953,-3.054287212,-2.136106721
304.2390893,-2.301706177,0.573941903,-4.010346977,6.06E-05,0.000942095,ENSG00000011028,MRC2,protein_coding,mannose receptor C type 2 [Source:HGNC Symbol;Acc:HGNC:16875],330,no,-2.499816985,-5.117868941,-0.569424753,-4.015682289,-1.280151151,-0.884307768
74.83230703,-2.297543606,0.626799105,-3.665518328,0.000246838,0.003069649,ENSG00000186469,GNG2,protein_coding,G protein subunit gamma 2 [Source:HGNC Symbol;Acc:HGNC:4404],331,no,0.108980991,-5.228051859,-3.390272448,-2.200550017,-2.003733812,-1.597940858
4303.862465,-2.292676442,0.396547054,-5.781599986,7.40E-09,4.48E-07,ENSG00000142173,COL6A2,protein_coding,collagen type VI alpha 2 chain [Source:HGNC Symbol;Acc:HGNC:2212],332,no,-0.539313866,-3.260642782,-2.529596576,-2.876694928,-2.010756974,-2.395436725
273.9587754,-2.29037199,0.519227235,-4.411116825,1.03E-05,0.00021399,ENSG00000196352,CD55,protein_coding,CD55 molecule (Cromer blood group) [Source:HGNC Symbol;Acc:HGNC:2665],333,no,-1.796005578,-5.091679417,-3.422912429,-1.434970535,-1.455325382,-1.276625191
2155.833138,-2.290211091,0.367104696,-6.238577481,4.42E-10,3.93E-08,ENSG00000060762,MPC1,protein_coding,mitochondrial pyruvate carrier 1 [Source:HGNC Symbol;Acc:HGNC:21606],334,no,-1.34609555,-2.382593568,-2.006752492,-3.620213015,-1.907392063,-2.533565976
68.18324284,-2.285935255,0.593366183,-3.852486574,0.000116924,0.001651517,ENSG00000120279,MYCT1,protein_coding,MYC target 1 [Source:HGNC Symbol;Acc:HGNC:23172],335,no,0.503404688,-2.630914644,-2.793850832,-3.999637323,-2.300894002,-2.219292016
188.382341,-2.283404043,0.680084529,-3.357529757,0.000786423,0.007770618,ENSG00000176435,CLEC14A,protein_coding,C-type lectin domain containing 14A [Source:HGNC Symbol;Acc:HGNC:19832],336,no,2.018993486,-2.732356696,-3.526470956,-5.533973751,-1.910504028,-1.371295109
45.45544782,-2.28137208,0.586557604,-3.88942546,0.000100482,0.001442904,ENSG00000188921,HACD4,protein_coding,3-hydroxyacyl-CoA dehydratase 4 [Source:HGNC Symbol;Acc:HGNC:20920],337,no,-2.647042939,-3.32821602,-1.27710656,-3.801454061,-1.934571788,-0.96092905
1556.130793,-2.27894516,0.656164162,-3.473132627,0.000514421,0.005484449,ENSG00000156222,SLC28A1,protein_coding,solute carrier family 28 member 1 [Source:HGNC Symbol;Acc:HGNC:11001],338,no,-6.220645577,-2.395063618,-2.043009065,-0.416315357,0.9586428,-4.069090728
152.6226823,-2.26550859,0.562012217,-4.031066443,5.55E-05,0.000874142,ENSG00000059377,TBXAS1,protein_coding,thromboxane A synthase 1 [Source:HGNC Symbol;Acc:HGNC:11609],339,no,-2.115661478,-4.015058135,-1.611018347,-4.364048749,-0.098237799,-1.594801151
102.2618741,-2.264204255,0.528637688,-4.283092761,1.84E-05,0.000345543,ENSG00000165025,SYK,protein_coding,spleen associated tyrosine kinase [Source:HGNC Symbol;Acc:HGNC:11491],340,no,-2.689389229,-4.163525829,-1.561190076,-1.841526823,-2.988303772,-0.498876731
84.24060108,-2.257342386,0.564324797,-4.000076546,6.33E-05,0.000980007,ENSG00000175029,CTBP2,protein_coding,C-terminal binding protein 2 [Source:HGNC Symbol;Acc:HGNC:2495],341,no,-0.471956232,-3.999845041,-1.529803654,-3.939733436,-2.139803658,-1.702410125
87.86106248,-2.255683562,0.484822983,-4.652592066,3.28E-06,8.14E-05,ENSG00000166510,CCDC68,protein_coding,coiled-coil domain containing 68 [Source:HGNC Symbol;Acc:HGNC:24350],342,no,-2.275726817,-2.362981439,-2.107802206,-4.024778757,-1.405363269,-1.532935895
2759.146084,-2.255572508,0.645192396,-3.495968833,0.000472344,0.005130996,ENSG00000162551,ALPL,protein_coding,"alkaline phosphatase, liver/bone/kidney [Source:HGNC Symbol;Acc:HGNC:438]",343,no,-3.732467595,-6.282538446,-0.926326691,1.110985541,-1.74293201,-2.489610717
205.0421431,-2.252502362,0.46181185,-4.877532622,1.07E-06,3.09E-05,ENSG00000168477,TNXB,protein_coding,tenascin XB [Source:HGNC Symbol;Acc:HGNC:11976],344,no,-0.679033053,-2.860680793,-1.552349588,-2.755116544,-1.984826559,-3.754377464
1525.024492,-2.242235038,0.479341486,-4.677740407,2.90E-06,7.35E-05,ENSG00000164692,COL1A2,protein_coding,collagen type I alpha 2 chain [Source:HGNC Symbol;Acc:HGNC:2198],345,no,-0.069644204,-3.791285339,-2.335225054,-3.36226213,-2.545572149,-1.164472
1008.286261,-2.241428524,0.389817158,-5.749948346,8.93E-09,5.21E-07,ENSG00000100031,GGT1,protein_coding,gamma-glutamyltransferase 1 [Source:HGNC Symbol;Acc:HGNC:4250],346,no,-2.759069556,-1.476192049,-2.408495565,-1.951293996,-1.297506691,-3.610471664
146.8583472,-2.238024009,0.620747691,-3.60536824,0.000311711,0.003671232,ENSG00000100385,IL2RB,protein_coding,interleukin 2 receptor subunit beta [Source:HGNC Symbol;Acc:HGNC:6009],347,no,0.58002597,-4.279653055,-1.687395745,-4.261289175,-3.048620291,-0.776639474
630.916485,-2.236694059,0.466360143,-4.796066072,1.62E-06,4.40E-05,ENSG00000130635,COL5A1,protein_coding,collagen type V alpha 1 chain [Source:HGNC Symbol;Acc:HGNC:2209],348,no,-0.501365483,-3.362981439,-3.842466095,-1.598514003,-2.635967883,-1.493407531
104.7740509,-2.235727291,0.539114262,-4.147037928,3.37E-05,0.000571389,ENSG00000114450,GNB4,protein_coding,G protein subunit beta 4 [Source:HGNC Symbol;Acc:HGNC:20731],349,no,-0.550674544,-4.396928771,-1.686404542,-3.226545225,-1.731279466,-2.07513011
9131.896033,-2.234836024,0.587704075,-3.802655315,0.000143153,0.001953441,ENSG00000138356,AOX1,protein_coding,aldehyde oxidase 1 [Source:HGNC Symbol;Acc:HGNC:553],350,no,0.228314574,-0.043729085,-5.05242559,-3.861769393,-2.130660913,-2.552316553
2478.309173,-2.234583228,0.431566186,-5.177845948,2.24E-07,8.34E-06,ENSG00000164406,LEAP2,protein_coding,liver enriched antimicrobial peptide 2 [Source:HGNC Symbol;Acc:HGNC:29571],351,no,-0.519198063,-2.488908611,-2.838618214,-3.737291491,-1.391089736,-2.370990113
340.3389367,-2.234199463,0.678099881,-3.294794066,0.000984938,0.009271799,ENSG00000127920,GNG11,protein_coding,G protein subunit gamma 11 [Source:HGNC Symbol;Acc:HGNC:4403],352,no,0.4043853,-3.326807826,-1.580688737,-7.834368684,-1.936240608,-1.483135547
115.9110581,-2.230098564,0.607588255,-3.670410917,0.000242161,0.003019328,ENSG00000169413,RNASE6,protein_coding,ribonuclease A family member k6 [Source:HGNC Symbol;Acc:HGNC:10048],353,no,-0.376189028,-4.164435759,-0.331798514,-4.243972297,-2.862523999,-1.526755763
154.7640687,-2.229855029,0.643213432,-3.466742013,0.000526807,0.005578192,ENSG00000108798,ABI3,protein_coding,ABI family member 3 [Source:HGNC Symbol;Acc:HGNC:29859],354,no,-0.534568209,-3.842789193,-2.46753542,-6.042120654,-0.356035556,-1.257525092
203.8924693,-2.223702961,0.474876427,-4.682698143,2.83E-06,7.18E-05,ENSG00000000938,FGR,protein_coding,"FGR proto-oncogene, Src family tyrosine kinase [Source:HGNC Symbol;Acc:HGNC:3697]",355,no,-2.45897059,-4.081799686,-0.602954264,-2.728621181,-1.659085641,-1.913623335
18767.06752,-2.214770709,0.59467549,-3.724334948,0.000195831,0.002541707,ENSG00000151224,MAT1A,protein_coding,methionine adenosyltransferase 1A [Source:HGNC Symbol;Acc:HGNC:6903],356,no,-0.25378754,0.093525681,-5.423886976,-4.020460048,-1.995651263,-2.133386168
1239.749979,-2.210647194,0.475657854,-4.647557434,3.36E-06,8.29E-05,ENSG00000118515,SGK1,protein_coding,serum/glucocorticoid regulated kinase 1 [Source:HGNC Symbol;Acc:HGNC:10810],357,no,-1.582611066,-2.539138394,-0.612113599,-4.505013571,-1.412574905,-2.830071031
469.3990211,-2.210274695,0.503938414,-4.386001612,1.15E-05,0.000232449,ENSG00000137507,LRRC32,protein_coding,leucine rich repeat containing 32 [Source:HGNC Symbol;Acc:HGNC:4161],358,no,0.514645372,-2.186329562,-3.458050563,-2.864079989,-3.253275982,-1.579347498
134.691391,-2.204145005,0.561348207,-3.926520079,8.62E-05,0.001264938,ENSG00000106025,TSPAN12,protein_coding,tetraspanin 12 [Source:HGNC Symbol;Acc:HGNC:21641],359,no,-0.471956232,-3.028798192,-0.168556238,-3.779086248,-2.183019285,-3.500979128
444.6326024,-2.202649018,0.497008388,-4.431814572,9.34E-06,0.000196548,ENSG00000135917,SLC19A3,protein_coding,solute carrier family 19 member 3 [Source:HGNC Symbol;Acc:HGNC:16266],360,no,-1.935388433,-5.465948018,-1.751693519,-1.033296804,-1.958343684,-2.065333763
1498.809827,-2.202218571,0.535116653,-4.115399064,3.87E-05,0.00064032,ENSG00000176485,PLA2G16,protein_coding,phospholipase A2 group XVI [Source:HGNC Symbol;Acc:HGNC:17825],361,no,-4.720252786,-3.478458656,-0.905465706,-2.728855912,-1.462088825,-0.123172845
73.56120525,-2.194273543,0.5074914,-4.323764977,1.53E-05,0.00029505,ENSG00000163154,TNFAIP8L2,protein_coding,TNF alpha induced protein 8 like 2 [Source:HGNC Symbol;Acc:HGNC:26277],362,no,-1.07292782,-3.462517112,-2.447742925,-1.174778398,-2.956939601,-2.215648187
380.0006964,-2.193241074,0.631749089,-3.471696458,0.000517181,0.005498765,ENSG00000010379,SLC6A13,protein_coding,solute carrier family 6 member 13 [Source:HGNC Symbol;Acc:HGNC:11046],363,no,-1.297100468,-0.022194317,-5.876413427,-4.117211571,-0.493106163,-2.320687299
345.5512536,-2.192050342,0.660496247,-3.318793033,0.000904074,0.008695132,ENSG00000176014,TUBB6,protein_coding,tubulin beta 6 class V [Source:HGNC Symbol;Acc:HGNC:20776],364,no,0.086416712,-4.019998877,-0.126384427,-6.259732216,-1.415855642,-2.449123696
29.03069934,-2.191349314,0.657180489,-3.334471048,0.000854618,0.008333062,ENSG00000005108,THSD7A,protein_coding,thrombospondin type 1 domain containing 7A [Source:HGNC Symbol;Acc:HGNC:22207],365,no,-0.647042939,-1.314618417,-2.471922737,-2.551675752,-4.108248924,-2.179763652
25081.12779,-2.190554938,0.385879569,-5.67678393,1.37E-08,7.58E-07,ENSG00000228278,ORM2,protein_coding,orosomucoid 2 [Source:HGNC Symbol;Acc:HGNC:8499],366,no,-1.188231861,-1.419097286,-1.642042669,-3.076667353,-2.58232072,-3.245959321
1253.668452,-2.189757805,0.633134006,-3.458600841,0.000542989,0.005729992,ENSG00000196126,HLA-DRB1,protein_coding,"major histocompatibility complex, class II, DR beta 1 [Source:HGNC Symbol;Acc:HGNC:4948]",367,no,-0.71508246,-5.640854353,-2.335244318,-4.768644502,-0.589075222,-0.141864838
384.4245526,-2.188605658,0.648533637,-3.374698754,0.000738965,0.007391082,ENSG00000135046,ANXA1,protein_coding,annexin A1 [Source:HGNC Symbol;Acc:HGNC:533],368,no,0.113769397,-4.366657097,-2.519156409,-5.804225811,-0.378835426,-1.055814079
607.9699627,-2.186144495,0.430587078,-5.077125181,3.83E-07,1.29E-05,ENSG00000117643,MAN1C1,protein_coding,mannosidase alpha class 1C member 1 [Source:HGNC Symbol;Acc:HGNC:19080],369,no,-1.747590675,-3.256066235,-2.286220774,-0.499703848,-3.347353313,-1.948763073
258.5405951,-2.184861318,0.640841911,-3.409360841,0.000651153,0.006632445,ENSG00000275410,HNF1B,protein_coding,HNF1 homeobox B [Source:HGNC Symbol;Acc:HGNC:11630],370,no,-0.387042593,-3.199482706,-4.861827626,-0.946179659,0.37705078,-4.3945025
158.8422641,-2.179347828,0.64320835,-3.388245549,0.000703413,0.007085707,ENSG00000169604,ANTXR1,protein_coding,ANTXR cell adhesion molecule 1 [Source:HGNC Symbol;Acc:HGNC:21014],371,no,0.399572421,-4.555626517,-0.743369383,-4.229119169,-3.312768102,-0.803387773
46.95355137,-2.179168847,0.62172319,-3.505046749,0.000456527,0.004983594,ENSG00000089472,HEPH,protein_coding,hephaestin [Source:HGNC Symbol;Acc:HGNC:4866],372,no,-0.003186749,-2.386568259,-2.692764707,-4.129583495,-1.614051887,-2.424876149
113.9846786,-2.179094365,0.511189702,-4.262790032,2.02E-05,0.000369133,ENSG00000111799,COL12A1,protein_coding,collagen type XII alpha 1 chain [Source:HGNC Symbol;Acc:HGNC:2188],373,no,-0.312731119,-2.40513489,-3.650259979,-3.259712089,-1.73889265,-1.756082058
297.4745361,-2.177911987,0.539219375,-4.039009143,5.37E-05,0.000851109,ENSG00000131471,AOC3,protein_coding,"amine oxidase, copper containing 3 [Source:HGNC Symbol;Acc:HGNC:550]",374,no,0.305470274,-2.913178521,-1.910687612,-4.732670079,-1.93184862,-1.964241784
2678.468457,-2.161917311,0.531100257,-4.070638797,4.69E-05,0.000756535,ENSG00000166035,LIPC,protein_coding,"lipase C, hepatic type [Source:HGNC Symbol;Acc:HGNC:6619]",375,no,-2.498227581,1.208638934,-2.321528331,-3.801893506,-1.58334456,-3.18386805
118.2035028,-2.161630704,0.542797641,-3.982387802,6.82E-05,0.00103933,ENSG00000204681,GABBR1,protein_coding,gamma-aminobutyric acid type B receptor subunit 1 [Source:HGNC Symbol;Acc:HGNC:4070],376,no,-0.258772349,-2.397746857,-1.918732583,-4.768803275,-2.125915773,-1.87977811
1774.70528,-2.161329612,0.541188398,-3.993673221,6.51E-05,0.0009989,ENSG00000173210,ABLIM3,protein_coding,actin binding LIM protein family member 3 [Source:HGNC Symbol;Acc:HGNC:29132],377,no,0.276371188,-1.374029572,-3.184049353,-4.086514774,-0.823400238,-3.628696465
862284.8182,-2.161259261,0.493428312,-4.380087659,1.19E-05,0.000236699,ENSG00000163631,ALB,protein_coding,albumin [Source:HGNC Symbol;Acc:HGNC:399],378,no,-1.244826154,-2.145747758,-1.872231994,-5.33186659,-2.094240496,-1.060049917
633.821625,-2.161069141,0.477922537,-4.521797937,6.13E-06,0.000138749,ENSG00000139832,RAB20,protein_coding,"RAB20, member RAS oncogene family [Source:HGNC Symbol;Acc:HGNC:18260]",379,no,-1.312290803,-2.032948294,-4.652122723,-2.973109573,-1.080772595,-1.367775742
1161.51049,-2.159363626,0.461927432,-4.674681509,2.94E-06,7.44E-05,ENSG00000176422,SPRYD4,protein_coding,SPRY domain containing 4 [Source:HGNC Symbol;Acc:HGNC:27468],380,no,-0.371741004,-1.244539981,-3.245592161,-3.432557527,-3.065816321,-1.517187798
66.00143693,-2.157956859,0.522616879,-4.129137316,3.64E-05,0.000608433,ENSG00000166341,DCHS1,protein_coding,dachsous cadherin-related 1 [Source:HGNC Symbol;Acc:HGNC:13681],381,no,-1.970831376,-2.657164543,-0.545923319,-2.733282559,-1.635011506,-3.3945025
1069.894037,-2.155628844,0.552264183,-3.903256649,9.49E-05,0.001375575,ENSG00000108924,HLF,protein_coding,"HLF, PAR bZIP transcription factor [Source:HGNC Symbol;Acc:HGNC:4977]",382,no,-1.882270649,0.563847592,-4.722000547,-3.484027359,-1.167113564,-2.240760871
118.4270946,-2.152232969,0.572676799,-3.758198292,0.000171141,0.002260958,ENSG00000179144,GIMAP7,protein_coding,"GTPase, IMAP family member 7 [Source:HGNC Symbol;Acc:HGNC:22404]",383,no,0.907000917,-2.105823599,-2.457867142,-2.659504633,-3.9707454,-2.358448788
327.5687313,-2.149562467,0.509691864,-4.217376454,2.47E-05,0.000438091,ENSG00000143110,C1orf162,protein_coding,chromosome 1 open reading frame 162 [Source:HGNC Symbol;Acc:HGNC:28344],384,no,-2.023086306,-3.683034686,-1.446059424,-3.231046618,0.399098161,-2.603213391
11747.78457,-2.148197303,0.612185184,-3.509064513,0.000449686,0.004926234,ENSG00000138109,CYP2C9,protein_coding,cytochrome P450 family 2 subfamily C member 9 [Source:HGNC Symbol;Acc:HGNC:2623],385,no,-0.156658474,-0.128756982,-3.981610583,-5.845211935,-2.260337254,-1.394668413
307.5648978,-2.146935229,0.532083549,-4.034958861,5.46E-05,0.000862401,ENSG00000213996,TM6SF2,protein_coding,transmembrane 6 superfamily member 2 [Source:HGNC Symbol;Acc:HGNC:11861],386,no,-1.743718958,-2.314618417,-5.587743495,-1.19906957,-1.218146075,-1.83550847
3118.455041,-2.14508359,0.480275363,-4.46636192,7.96E-06,0.000173625,ENSG00000102967,DHODH,protein_coding,dihydroorotate dehydrogenase (quinone) [Source:HGNC Symbol;Acc:HGNC:2867],387,no,-0.21971409,-2.666588253,-0.965999114,-3.640583507,-1.725550029,-3.579955871
181.3233782,-2.144763175,0.421049609,-5.09384911,3.51E-07,1.21E-05,ENSG00000107864,CPEB3,protein_coding,cytoplasmic polyadenylation element binding protein 3 [Source:HGNC Symbol;Acc:HGNC:21746],388,no,-2.019011716,-0.989523043,-2.186380932,-1.977990317,-2.213093095,-3.583305512
522.6773304,-2.142161564,0.46743942,-4.582757621,4.59E-06,0.000108708,ENSG00000055163,CYFIP2,protein_coding,cytoplasmic FMR1 interacting protein 2 [Source:HGNC Symbol;Acc:HGNC:13760],389,no,-2.364915852,-0.242650023,-3.467661679,-1.732812396,-3.5067365,-1.472465608
2167.267348,-2.138641646,0.494173016,-4.32771838,1.51E-05,0.000290853,ENSG00000011347,SYT7,protein_coding,synaptotagmin 7 [Source:HGNC Symbol;Acc:HGNC:11514],390,no,-0.904897105,-1.407103992,-4.149264349,-2.343440087,-3.619483046,-0.556427228
21646.292,-2.137413708,0.411972247,-5.188246836,2.12E-07,7.92E-06,ENSG00000122194,PLG,protein_coding,plasminogen [Source:HGNC Symbol;Acc:HGNC:9071],391,no,-0.598801979,-1.964872959,-2.961106849,-3.593280903,-1.709114434,-1.997374341
1807.128611,-2.134769467,0.434333354,-4.915048423,8.88E-07,2.64E-05,ENSG00000084734,GCKR,protein_coding,glucokinase regulator [Source:HGNC Symbol;Acc:HGNC:4196],392,no,-3.778832811,-0.892802385,-2.065158831,-2.467100478,-0.845070626,-2.79701569
416.8559633,-2.132895231,0.440489728,-4.842099816,1.28E-06,3.61E-05,ENSG00000170525,PFKFB3,protein_coding,"6-phosphofructo-2-kinase/fructose-2,6-biphosphatase 3 [Source:HGNC Symbol;Acc:HGNC:8874]",393,no,-1.528770703,-2.586723813,-0.791334357,-3.80081977,-1.50266047,-2.650485283
175.7422863,-2.129068435,0.563131391,-3.780766746,0.000156346,0.002095821,ENSG00000139914,FITM1,protein_coding,fat storage inducing transmembrane protein 1 [Source:HGNC Symbol;Acc:HGNC:33714],394,no,-2.846883518,0.284593039,-1.502854597,-2.261289175,-1.804468176,-4.851140904
161.9457218,-2.125882357,0.595842891,-3.567857212,0.000359913,0.004120149,ENSG00000110876,SELPLG,protein_coding,selectin P ligand [Source:HGNC Symbol;Acc:HGNC:10722],395,no,-1.162640147,-4.132368511,-0.282888913,-4.954011931,-1.640549689,-1.31149435
2072.144352,-2.120560658,0.355304563,-5.968289962,2.40E-09,1.74E-07,ENSG00000123131,PRDX4,protein_coding,peroxiredoxin 4 [Source:HGNC Symbol;Acc:HGNC:17169],396,no,-2.42903869,-1.723950835,-2.04404256,-3.237189785,-1.14703241,-2.158405585
14393.32021,-2.116476756,0.438581668,-4.825730093,1.39E-06,3.87E-05,ENSG00000123838,C4BPA,protein_coding,complement component 4 binding protein alpha [Source:HGNC Symbol;Acc:HGNC:1325],397,no,-1.372777132,-0.772116905,-2.160544592,-4.044541119,-1.565559524,-2.93656206
199.1331256,-2.113539871,0.515508934,-4.099909301,4.13E-05,0.000677491,ENSG00000136869,TLR4,protein_coding,toll like receptor 4 [Source:HGNC Symbol;Acc:HGNC:11850],398,no,-0.999822515,-4.098153751,-2.689376109,-0.497727184,-3.154878978,-1.424876149
73.08157748,-2.108262087,0.616605158,-3.419144424,0.000628184,0.006457511,ENSG00000189129,PLAC9,protein_coding,placenta specific 9 [Source:HGNC Symbol;Acc:HGNC:19255],399,no,-0.134783632,-1.574485544,-1.230421493,-3.894563466,-4.560280631,-1.820804826
102.7116292,-2.104056379,0.606511929,-3.469109637,0.000522186,0.005548185,ENSG00000105137,SYDE1,protein_coding,synapse defective Rho GTPase homolog 1 [Source:HGNC Symbol;Acc:HGNC:25824],400,no,-0.298147796,-3.405731086,-3.459211686,-4.179308869,-0.46295076,-1.015763484
412.4161321,-2.103048604,0.397448644,-5.291371945,1.21E-07,4.92E-06,ENSG00000164038,SLC9B2,protein_coding,solute carrier family 9 member B2 [Source:HGNC Symbol;Acc:HGNC:25143],401,no,-1.536618949,-1.294809936,-2.335705611,-2.944194233,-1.358335894,-3.180292596
385.1634789,-2.102466639,0.469361895,-4.479414843,7.48E-06,0.000165038,ENSG00000167740,CYB5D2,protein_coding,cytochrome b5 domain containing 2 [Source:HGNC Symbol;Acc:HGNC:28471],402,no,-0.956285774,-0.742369136,-2.799264329,-4.127528862,-2.049133299,-2.101983364
683.3283612,-2.101443887,0.482636468,-4.354092629,1.34E-05,0.000261231,ENSG00000163430,FSTL1,protein_coding,follistatin like 1 [Source:HGNC Symbol;Acc:HGNC:3972],403,no,-0.28830532,-3.666592771,-2.108343251,-3.574759365,-2.036478366,-0.934497017
195.4628294,-2.101196491,0.514972301,-4.080212637,4.50E-05,0.000730564,ENSG00000109906,ZBTB16,protein_coding,zinc finger and BTB domain containing 16 [Source:HGNC Symbol;Acc:HGNC:12930],404,no,-2.365756828,0.422678412,-3.63338616,-1.789120842,-3.076123642,-1.933023053
101.747206,-2.097690017,0.599024042,-3.501846117,0.000462046,0.00503676,ENSG00000167874,TMEM88,protein_coding,transmembrane protein 88 [Source:HGNC Symbol;Acc:HGNC:32371],405,no,0.544577134,-1.927185379,-1.63338616,-4.597668426,-2.693363744,-2.209147458
2128.02344,-2.097356342,0.520136966,-4.032315481,5.52E-05,0.000870391,ENSG00000139318,DUSP6,protein_coding,dual specificity phosphatase 6 [Source:HGNC Symbol;Acc:HGNC:3072],406,no,-1.077906928,-4.14878617,0.542187197,-2.473613101,-1.96491582,-3.224851541
425.9662804,-2.096784329,0.424196513,-4.942955128,7.69E-07,2.34E-05,ENSG00000198947,DMD,protein_coding,dystrophin [Source:HGNC Symbol;Acc:HGNC:2928],407,no,-3.037189262,-3.043521599,-0.495737562,-2.53183484,-1.857950506,-1.553200246
586.6917037,-2.095079517,0.496332076,-4.221124561,2.43E-05,0.000433876,ENSG00000135916,ITM2C,protein_coding,integral membrane protein 2C [Source:HGNC Symbol;Acc:HGNC:6175],408,no,-2.716275241,-3.672665938,-1.372591716,-3.318245059,-1.49857467,0.158161474
133.3559562,-2.094012609,0.574949074,-3.642083627,0.00027044,0.003305546,ENSG00000149218,ENDOD1,protein_coding,endonuclease domain containing 1 [Source:HGNC Symbol;Acc:HGNC:29129],409,no,0.16536079,-3.725551518,-4.315310391,-1.160834429,-2.091076273,-1.674235618
7415.62832,-2.093629023,0.391846022,-5.342989091,9.14E-08,3.87E-06,ENSG00000157131,C8A,protein_coding,complement C8 alpha chain [Source:HGNC Symbol;Acc:HGNC:1352],410,no,-0.755218242,-1.963864373,-1.690473219,-2.520651741,-2.106284942,-3.550370243
1452.855626,-2.093266812,0.478728903,-4.372551563,1.23E-05,0.000243146,ENSG00000137124,ALDH1B1,protein_coding,aldehyde dehydrogenase 1 family member B1 [Source:HGNC Symbol;Acc:HGNC:407],411,no,-2.430374631,-0.34980605,-4.658686152,-1.766717691,-1.89963042,-1.787849611
2813.338102,-2.091416935,0.43499451,-4.807915704,1.53E-06,4.19E-05,ENSG00000205403,CFI,protein_coding,complement factor I [Source:HGNC Symbol;Acc:HGNC:5394],412,no,-0.722736091,-0.718620015,-2.677539697,-3.043505673,-1.984810134,-3.327149098
284.1964011,-2.090563633,0.468928848,-4.458168107,8.27E-06,0.000177972,ENSG00000131634,TMEM204,protein_coding,transmembrane protein 204 [Source:HGNC Symbol;Acc:HGNC:14158],413,no,-0.213905135,-2.20935825,-1.849539535,-3.416516169,-3.278102137,-1.565738685
1882.123969,-2.087509301,0.548235892,-3.807684489,0.000140274,0.001926319,ENSG00000051523,CYBA,protein_coding,cytochrome b-245 alpha chain [Source:HGNC Symbol;Acc:HGNC:2577],414,no,0.428555827,-3.900772207,-1.061531238,-4.430554642,-2.015356287,-1.635906354
169.3356146,-2.085850948,0.63007251,-3.310493497,0.000931316,0.008869215,ENSG00000135919,SERPINE2,protein_coding,serpin family E member 2 [Source:HGNC Symbol;Acc:HGNC:8951],415,no,0.536809021,-3.694768536,-2.623925831,-1.797008156,-5.233779806,-0.318834512
3844.480692,-2.084354545,0.381496679,-5.463624353,4.67E-08,2.19E-06,ENSG00000213398,LCAT,protein_coding,lecithin-cholesterol acyltransferase [Source:HGNC Symbol;Acc:HGNC:6522],416,no,-0.873400296,-1.836994248,-1.80313986,-3.13162618,-3.033818431,-1.835391877
398.8779603,-2.083499048,0.54924263,-3.793403743,0.000148596,0.002007537,ENSG00000154734,ADAMTS1,protein_coding,ADAM metallopeptidase with thrombospondin type 1 motif 1 [Source:HGNC Symbol;Acc:HGNC:217],417,no,0.914638738,-3.350436185,-1.96913475,-4.078034999,-1.451704293,-2.154424272
169.1099937,-2.079067553,0.58481753,-3.555070505,0.000377878,0.004294765,ENSG00000137462,TLR2,protein_coding,toll like receptor 2 [Source:HGNC Symbol;Acc:HGNC:11848],418,no,-1.547507265,-4.986676334,-0.347697209,-1.213426886,-1.24001176,-3.935838069
217.2478897,-2.075870405,0.455833168,-4.554013505,5.26E-06,0.000121218,ENSG00000244486,SCARF2,protein_coding,scavenger receptor class F member 2 [Source:HGNC Symbol;Acc:HGNC:19869],419,no,-1.723278524,-2.40629261,-0.067559884,-2.990487886,-2.665211744,-2.424876149
436.6662884,-2.073468197,0.572010679,-3.624876725,0.000289099,0.003465397,ENSG00000109610,SOD3,protein_coding,superoxide dismutase 3 [Source:HGNC Symbol;Acc:HGNC:11181],420,no,-0.24590409,-3.829502482,-0.299713536,-1.649866551,-4.880381373,-2.033685392
20185.67118,-2.070272371,0.546706539,-3.786807404,0.000152595,0.00204908,ENSG00000175899,A2M,protein_coding,alpha-2-macroglobulin [Source:HGNC Symbol;Acc:HGNC:7],421,no,-1.097077749,-3.342586066,-0.637823423,-5.503714726,-1.605968583,-1.174341504
15544.35854,-2.070190665,0.486799121,-4.252659001,2.11E-05,0.000383083,ENSG00000146678,IGFBP1,protein_coding,insulin like growth factor binding protein 1 [Source:HGNC Symbol;Acc:HGNC:5469],422,no,-1.182790824,-0.626021604,-3.289311236,-4.497135105,-1.396418457,-1.796075287
175.9996917,-2.069866982,0.591805107,-3.497548363,0.000469556,0.005115025,ENSG00000172296,SPTLC3,protein_coding,serine palmitoyltransferase long chain base subunit 3 [Source:HGNC Symbol;Acc:HGNC:16253],423,no,-1.545080528,-5.635999933,-1.379629568,0.319855601,-2.951086875,-2.148095736
7499.328092,-2.064779288,0.444167592,-4.648649127,3.34E-06,8.26E-05,ENSG00000021852,C8B,protein_coding,complement C8 beta chain [Source:HGNC Symbol;Acc:HGNC:1353],424,no,-0.634536526,-1.122203796,-1.290111705,-3.099044255,-2.691178773,-3.570418502
295.9643129,-2.063284642,0.500260409,-4.124421208,3.72E-05,0.000619035,ENSG00000146386,ABRACL,protein_coding,ABRA C-terminal like [Source:HGNC Symbol;Acc:HGNC:21230],425,no,-2.634578973,-4.140589017,-1.831974377,-2.062994736,0.20654299,-1.938579967
49.27776932,-2.062752562,0.566088097,-3.643871995,0.000268567,0.003287828,ENSG00000109743,BST1,protein_coding,bone marrow stromal cell antigen 1 [Source:HGNC Symbol;Acc:HGNC:1118],426,no,-0.553383831,-2.121223692,-2.841379202,-1.44944024,-3.600454284,-1.898807338
3606.855399,-2.057698115,0.384472362,-5.352005283,8.70E-08,3.73E-06,ENSG00000093010,COMT,protein_coding,catechol-O-methyltransferase [Source:HGNC Symbol;Acc:HGNC:2228],427,no,-2.574591144,-0.819096453,-2.27172567,-1.757342129,-1.588504212,-3.348451709
863.3560106,-2.057201731,0.460620152,-4.466156596,7.96E-06,0.000173625,ENSG00000162512,SDC3,protein_coding,syndecan 3 [Source:HGNC Symbol;Acc:HGNC:10660],428,no,-2.071116136,-2.362044319,-4.197076099,-1.437629881,-0.301396421,-2.118629677
507136.6165,-2.056425368,0.540489426,-3.804746717,0.000141949,0.001943104,ENSG00000197249,SERPINA1,protein_coding,serpin family A member 1 [Source:HGNC Symbol;Acc:HGNC:8941],429,no,-0.390082825,-2.633738138,0.065931068,-4.577119154,-1.549160453,-3.348763957
2819.757111,-2.04944013,0.390685345,-5.245756354,1.56E-07,6.09E-06,ENSG00000142156,COL6A1,protein_coding,collagen type VI alpha 1 chain [Source:HGNC Symbol;Acc:HGNC:2211],430,no,-0.578804665,-2.408445096,-1.943303642,-3.094092042,-2.690742256,-1.519188301
163.9764319,-2.049266251,0.617829453,-3.316880153,0.000910287,0.008738638,ENSG00000118257,NRP2,protein_coding,neuropilin 2 [Source:HGNC Symbol;Acc:HGNC:8005],431,no,0.044491226,-4.219416634,-2.431752299,-3.931089342,0.503673103,-2.067324145
298.0323841,-2.048141722,0.537305477,-3.811875757,0.000137916,0.001901308,ENSG00000106066,CPVL,protein_coding,"carboxypeptidase, vitellogenic like [Source:HGNC Symbol;Acc:HGNC:14399]",432,no,-2.344195585,-5.063421157,-2.477336234,-0.836581493,-1.68945929,-0.466335756
5020.161559,-2.046327175,0.52859085,-3.871287551,0.000108262,0.001543206,ENSG00000060566,CREB3L3,protein_coding,cAMP responsive element binding protein 3 like 3 [Source:HGNC Symbol;Acc:HGNC:18855],433,no,-2.239981235,-0.858189287,-2.114346143,-3.741455769,0.718963896,-3.691101397
142.6800541,-2.045308787,0.478515332,-4.27428057,1.92E-05,0.000354863,ENSG00000181481,RNF135,protein_coding,ring finger protein 135 [Source:HGNC Symbol;Acc:HGNC:21158],434,no,-1.4467934,-3.847542042,-1.676627011,-2.773439685,-2.043955247,-0.692648474
101.0922329,-2.04503172,0.48011656,-4.259448411,2.05E-05,0.000373814,ENSG00000167123,CERCAM,protein_coding,cerebral endothelial cell adhesion molecule [Source:HGNC Symbol;Acc:HGNC:23723],435,no,-1.102722422,-3.223482026,-1.165319317,-1.757391177,-3.243560827,-1.935838069
658.8454375,-2.043221262,0.469766598,-4.349439211,1.36E-05,0.000265831,ENSG00000127528,KLF2,protein_coding,Kruppel like factor 2 [Source:HGNC Symbol;Acc:HGNC:6347],436,no,0.23023235,-3.280678789,-1.209874116,-2.863038027,-2.529518377,-2.331350323
5176.036764,-2.041881196,0.564833306,-3.615015572,0.00030033,0.003566959,ENSG00000120053,GOT1,protein_coding,glutamic-oxaloacetic transaminase 1 [Source:HGNC Symbol;Acc:HGNC:4432],437,no,-0.154573776,-1.905705652,-1.198901683,-5.983896767,-1.540830301,-2.627114956
999.3081446,-2.040147089,0.54902287,-3.715960116,0.000202434,0.002614289,ENSG00000013583,HEBP1,protein_coding,heme binding protein 1 [Source:HGNC Symbol;Acc:HGNC:17176],438,no,-0.429993519,-0.570618287,-4.628597127,-3.851084829,-2.230145303,-0.9697529
187.7650147,-2.039452478,0.48240531,-4.227674187,2.36E-05,0.000423243,ENSG00000178075,GRAMD1C,protein_coding,GRAM domain containing 1C [Source:HGNC Symbol;Acc:HGNC:25252],439,no,-2.445744549,-3.657164543,-1.861519165,-0.204850154,-2.775759136,-1.373650826
106.7656983,-2.034942193,0.617875424,-3.293450613,0.000989657,0.009310576,ENSG00000077984,CST7,protein_coding,cystatin F [Source:HGNC Symbol;Acc:HGNC:2479],440,no,-0.540843535,-3.666472285,0.043611912,-3.500185437,-3.928925225,-0.807123714
511.4568256,-2.024783318,0.406500612,-4.981009273,6.33E-07,1.97E-05,ENSG00000075618,FSCN1,protein_coding,fascin actin-bundling protein 1 [Source:HGNC Symbol;Acc:HGNC:11148],441,no,-0.403017047,-2.801179223,-2.003130272,-2.652755424,-1.597043656,-2.587562325
202.4055518,-2.018228932,0.601515454,-3.355240365,0.000792961,0.007825255,ENSG00000105374,NKG7,protein_coding,natural killer cell granule protein 7 [Source:HGNC Symbol;Acc:HGNC:7830],442,no,-1.084407525,-2.663154981,-0.799342636,-5.344596386,-3.101989934,0.152266847
261.9270532,-2.012129886,0.530712262,-3.791376289,0.000149815,0.002019331,ENSG00000169372,CRADD,protein_coding,CASP2 and RIPK1 domain containing adaptor with death domain [Source:HGNC Symbol;Acc:HGNC:2340],443,no,-1.525052414,-1.760945425,-2.80501054,-1.425687815,-4.864997898,-0.226440983
338.9509664,-2.011364798,0.452843489,-4.441633475,8.93E-06,0.000189586,ENSG00000164039,BDH2,protein_coding,3-hydroxybutyrate dehydrogenase 2 [Source:HGNC Symbol;Acc:HGNC:32389],444,no,-2.939308056,-1.842365183,-1.395120471,-0.767506729,-3.812936685,-1.486139445
129.1378475,-2.010066194,0.520817111,-3.859447299,0.000113644,0.001613991,ENSG00000157554,ERG,protein_coding,"ERG, ETS transcription factor [Source:HGNC Symbol;Acc:HGNC:3446]",445,no,-0.569267784,-2.675061748,-1.174829167,-4.34012291,-2.02432644,-1.601753911
227.0132068,-2.004435428,0.476871005,-4.203307409,2.63E-05,0.000458788,ENSG00000141756,FKBP10,protein_coding,FK506 binding protein 10 [Source:HGNC Symbol;Acc:HGNC:18169],446,no,-0.050492464,-3.297953872,-2.448626118,-2.80205381,-2.160691329,-1.140037373
479.3007442,-2.004267922,0.50960998,-3.932944801,8.39E-05,0.001234653,ENSG00000175567,UCP2,protein_coding,uncoupling protein 2 [Source:HGNC Symbol;Acc:HGNC:12518],447,no,-1.304493233,-4.642205083,-1.101934446,-3.290384108,-1.075927637,-1.160846438
50.4693011,-2.003499111,0.603097174,-3.322017076,0.000893692,0.008628742,ENSG00000171408,PDE7B,protein_coding,phosphodiesterase 7B [Source:HGNC Symbol;Acc:HGNC:8792],448,no,-0.211904233,-1.947943939,-1.060496492,-2.706440947,-4.148890909,-2.150701186
23835.91426,-2.003061789,0.589204735,-3.399602329,0.000674839,0.006846751,ENSG00000171236,LRG1,protein_coding,leucine rich alpha-2-glycoprotein 1 [Source:HGNC Symbol;Acc:HGNC:29480],449,no,-1.190581604,-2.803879879,0.916294039,-2.810287531,-1.02941617,-5.361884945
11716.51831,-2.002188926,0.465364238,-4.302412524,1.69E-05,0.000321395,ENSG00000205542,TMSB4X,protein_coding,thymosin beta 4 X-linked [Source:HGNC Symbol;Acc:HGNC:11881],450,no,-0.686243614,-3.02744903,-0.690750987,-4.044182254,-1.537984235,-2.180871016
685.5551888,-1.999249468,0.500005944,-3.998451406,6.38E-05,0.000983817,ENSG00000187824,TMEM220,protein_coding,transmembrane protein 220 [Source:HGNC Symbol;Acc:HGNC:33757],451,no,-0.661595694,0.207650355,-3.078958028,-3.206538162,-3.185991907,-1.826415864
906.0813255,-1.99475282,0.474226373,-4.206330423,2.60E-05,0.000454741,ENSG00000119673,ACOT2,protein_coding,acyl-CoA thioesterase 2 [Source:HGNC Symbol;Acc:HGNC:18431],452,no,-1.11685466,0.254811454,-3.260396553,-3.181070006,-2.423215328,-1.999180169
702.3860337,-1.993249784,0.547769071,-3.638850548,0.000273858,0.003331577,ENSG00000104267,CA2,protein_coding,carbonic anhydrase 2 [Source:HGNC Symbol;Acc:HGNC:1373],453,no,-0.653878569,0.261352824,-3.298228981,-4.657356166,-1.9508736,-1.87118511
157.6564664,-1.993215914,0.36990833,-5.38840505,7.11E-08,3.15E-06,ENSG00000198113,TOR4A,protein_coding,torsin family 4 member A [Source:HGNC Symbol;Acc:HGNC:25981],454,no,-1.476479435,-2.545284572,-2.447145164,-1.943098557,-1.781341391,-1.808204789
435.488521,-1.991678008,0.556943073,-3.576089023,0.000348773,0.00402229,ENSG00000168961,LGALS9,protein_coding,galectin 9 [Source:HGNC Symbol;Acc:HGNC:6570],455,no,-1.125415008,-3.844160265,-1.625421239,-4.421567788,0.325832362,-1.516133894
309.2342119,-1.989309018,0.507841831,-3.917182273,8.96E-05,0.001308284,ENSG00000114698,PLSCR4,protein_coding,phospholipid scramblase 4 [Source:HGNC Symbol;Acc:HGNC:16497],456,no,-1.789189836,-4.774795037,-1.388132073,-0.32432832,-2.365883342,-1.823865707
109.9935359,-1.987447847,0.600066056,-3.312048445,0.000926155,0.008836328,ENSG00000127084,FGD3,protein_coding,"FYVE, RhoGEF and PH domain containing 3 [Source:HGNC Symbol;Acc:HGNC:16027]",457,no,-1.510226249,-5.797212503,-0.545923319,-2.781901264,-1.775574448,-0.828773091
158.7908831,-1.986977011,0.604442688,-3.287287693,0.001011574,0.009465141,ENSG00000163823,CCR1,protein_coding,C-C motif chemokine receptor 1 [Source:HGNC Symbol;Acc:HGNC:1602],458,no,-2.150028137,-5.230071026,-1.91270565,0.224715322,-2.60699713,-0.91898522
37.40489144,-1.986878588,0.581877268,-3.414600803,0.000638756,0.006531754,ENSG00000118495,PLAGL1,protein_coding,PLAG1 like zinc finger 1 [Source:HGNC Symbol;Acc:HGNC:9046],459,no,-2.268531315,-1.763221936,-3.164833152,-2.887610705,-0.700599847,-1.264411477
105.0377904,-1.979643783,0.517822362,-3.823017172,0.000131829,0.001830389,ENSG00000151702,FLI1,protein_coding,"Fli-1 proto-oncogene, ETS transcription factor [Source:HGNC Symbol;Acc:HGNC:3749]",460,no,-0.091624714,-2.917682724,-3.257418226,-2.697472483,-1.359929472,-1.502878661
523.3214629,-1.977947029,0.495495876,-3.991853665,6.56E-05,0.00100263,ENSG00000138670,RASGEF1B,protein_coding,RasGEF domain family member 1B [Source:HGNC Symbol;Acc:HGNC:24881],461,no,-1.995293347,-1.024512051,0.152223026,-2.716407024,-2.23704752,-4.022894803
3127.669778,-1.977017947,0.472692601,-4.182460111,2.88E-05,0.000495725,ENSG00000162482,AKR7A3,protein_coding,aldo-keto reductase family 7 member A3 [Source:HGNC Symbol;Acc:HGNC:390],462,no,-1.293493961,0.672236882,-2.95249268,-2.486576065,-2.468968034,-2.838221999
953.8970337,-1.976197554,0.341053626,-5.794389523,6.86E-09,4.21E-07,ENSG00000105676,ARMC6,protein_coding,armadillo repeat containing 6 [Source:HGNC Symbol;Acc:HGNC:25049],463,no,-2.210517663,-1.138941164,-2.571304384,-1.58896263,-1.74001712,-2.603014458
329.4255726,-1.973936118,0.426432576,-4.628952457,3.68E-06,9.01E-05,ENSG00000181031,RPH3AL,protein_coding,rabphilin 3A like (without C2 domains) [Source:HGNC Symbol;Acc:HGNC:10296],464,no,-2.200754505,-0.285786933,-2.852584657,-2.134745201,-2.835902858,-1.4326535
10698.28909,-1.973897116,0.514727424,-3.834839617,0.000125646,0.001752387,ENSG00000187758,ADH1A,protein_coding,"alcohol dehydrogenase 1A (class I), alpha polypeptide [Source:HGNC Symbol;Acc:HGNC:249]",465,no,0.762601665,-2.377165083,-3.595322394,-3.537891838,-1.333903297,-1.434526319
111.0276474,-1.973021748,0.464178128,-4.25057026,2.13E-05,0.00038536,ENSG00000171428,NAT1,protein_coding,N-acetyltransferase 1 [Source:HGNC Symbol;Acc:HGNC:7645],466,no,-2.557775601,-2.555626517,-1.692764707,-3.027013762,-1.507724986,-0.603679302
158.0407351,-1.971341711,0.588093152,-3.352090911,0.000802037,0.007904773,ENSG00000050165,DKK3,protein_coding,dickkopf WNT signaling pathway inhibitor 3 [Source:HGNC Symbol;Acc:HGNC:2893],467,no,0.363128866,-4.374139229,-1.009870419,-2.097109889,-3.721880768,-1.278034761
16804.23058,-1.964040741,0.398699256,-4.926120912,8.39E-07,2.51E-05,ENSG00000261701,HPR,protein_coding,haptoglobin-related protein [Source:HGNC Symbol;Acc:HGNC:5156],468,no,-0.990899054,-0.814961418,-1.947907491,-3.364906098,-2.104249468,-2.579047554
119.5807139,-1.963162773,0.572646445,-3.428228342,0.000607534,0.006299769,ENSG00000157570,TSPAN18,protein_coding,tetraspanin 18 [Source:HGNC Symbol;Acc:HGNC:20660],469,no,0.056239529,-3.098360782,-1.504103143,-4.667829497,-1.209849789,-1.821393561
6836.591612,-1.955850965,0.451172033,-4.335044776,1.46E-05,0.000282419,ENSG00000137106,GRHPR,protein_coding,glyoxylate and hydroxypyruvate reductase [Source:HGNC Symbol;Acc:HGNC:4570],470,no,-2.37565936,-0.700050492,-3.031496101,-3.552029516,-1.600432084,-0.479145166
139.8316629,-1.955779787,0.435292725,-4.493021991,7.02E-06,0.00015594,ENSG00000100060,MFNG,protein_coding,MFNG O-fucosylpeptide 3-beta-N-acetylglucosaminyltransferase [Source:HGNC Symbol;Acc:HGNC:7038],471,no,-1.441628852,-2.587636911,-2.242996186,-3.09676487,-0.912721067,-1.49096534
271.2411476,-1.953707261,0.466205409,-4.190657648,2.78E-05,0.000481884,ENSG00000092929,UNC13D,protein_coding,unc-13 homolog D [Source:HGNC Symbol;Acc:HGNC:23147],472,no,-1.432755567,-2.975165408,-0.732470541,-3.818491216,-1.285381003,-1.692911236
72.59977651,-1.948446434,0.562889287,-3.46150918,0.000537156,0.005672292,ENSG00000105246,EBI3,protein_coding,Epstein-Barr virus induced 3 [Source:HGNC Symbol;Acc:HGNC:3129],473,no,-2.219405403,-3.231191566,-0.706387991,-2.86654909,0.13052324,-2.565357373
91.92163416,-1.940619869,0.546613893,-3.550257125,0.000384855,0.004360661,ENSG00000028277,POU2F2,protein_coding,POU class 2 homeobox 2 [Source:HGNC Symbol;Acc:HGNC:9213],474,no,-0.601768859,-3.19608413,-0.502854597,-1.891295752,-3.911851711,-1.952807705
942.2048779,-1.936003294,0.470846928,-4.111746685,3.93E-05,0.00064846,ENSG00000170271,FAXDC2,protein_coding,fatty acid hydroxylase domain containing 2 [Source:HGNC Symbol;Acc:HGNC:1334],475,no,-0.518284443,-1.234397233,-1.288237568,-3.485764657,-3.726348117,-1.576469328
96.12500851,-1.934423301,0.545403982,-3.546771506,0.000389983,0.004409105,ENSG00000021762,OSBPL5,protein_coding,oxysterol binding protein like 5 [Source:HGNC Symbol;Acc:HGNC:16392],476,no,0.139847881,-2.814360785,-2.048423659,-3.502812819,-0.950396755,-2.390110731
441.4817142,-1.931254191,0.488744314,-3.951461197,7.77E-05,0.001153834,ENSG00000089327,FXYD5,protein_coding,FXYD domain containing ion transport regulator 5 [Source:HGNC Symbol;Acc:HGNC:4029],477,no,-0.683323854,-3.777470697,-1.02184306,-3.387584264,-0.809401174,-2.102948054
1936.391097,-1.922353347,0.533083963,-3.606098625,0.000310835,0.0036637,ENSG00000144655,CSRNP1,protein_coding,cysteine and serine rich nuclear protein 1 [Source:HGNC Symbol;Acc:HGNC:14300],478,no,-0.956247526,-1.513562457,0.084661799,-4.707486432,-1.551651214,-3.300040877
344.5989815,-1.919719281,0.57588301,-3.333523039,0.000857536,0.008345785,ENSG00000137834,SMAD6,protein_coding,SMAD family member 6 [Source:HGNC Symbol;Acc:HGNC:6772],479,no,-1.160207917,-4.088121597,-0.542933276,0.075771851,-4.413485828,-1.886780254
149.3997582,-1.919123013,0.567661378,-3.380753185,0.000722874,0.007258202,ENSG00000173175,ADCY5,protein_coding,adenylate cyclase 5 [Source:HGNC Symbol;Acc:HGNC:236],480,no,-1.08254454,-2.07686342,-1.621587589,0.626257855,-3.831408719,-3.479323933
677.9777575,-1.915928967,0.524609182,-3.65210719,0.000260097,0.003194217,ENSG00000240583,AQP1,protein_coding,aquaporin 1 (Colton blood group) [Source:HGNC Symbol;Acc:HGNC:633],481,no,0.185244783,-2.200238506,-0.915157129,-4.318245059,-3.126864602,-1.290739477
262.1175802,-1.915567456,0.38712208,-4.94822578,7.49E-07,2.29E-05,ENSG00000009765,IYD,protein_coding,iodotyrosine deiodinase [Source:HGNC Symbol;Acc:HGNC:21071],482,no,-2.212640115,-1.69921737,-2.177883299,-2.998764285,-1.052517261,-1.387595133
6190.192137,-1.91422091,0.440754328,-4.343056415,1.41E-05,0.00027265,ENSG00000104635,SLC39A14,protein_coding,solute carrier family 39 member 14 [Source:HGNC Symbol;Acc:HGNC:20858],483,no,0.169763283,-2.492350187,-1.589615909,-3.445766083,-1.752849694,-2.210696084
1643.054677,-1.913894021,0.548021953,-3.492367431,0.000478759,0.005179268,ENSG00000139112,GABARAPL1,protein_coding,GABA type A receptor associated protein like 1 [Source:HGNC Symbol;Acc:HGNC:4068],484,no,0.429330995,-0.069856422,-3.393225118,-3.53044206,-3.294362265,-1.368963486
435.5927806,-1.913609052,0.531289125,-3.601822361,0.000315994,0.003707618,ENSG00000151689,INPP1,protein_coding,inositol polyphosphate-1-phosphatase [Source:HGNC Symbol;Acc:HGNC:6071],485,no,-2.843988154,-1.380054952,-0.124342974,-4.703640598,-0.816618312,-2.042628585
167.3771644,-1.913539727,0.500919575,-3.820053801,0.000133423,0.001847027,ENSG00000171115,GIMAP8,protein_coding,"GTPase, IMAP family member 8 [Source:HGNC Symbol;Acc:HGNC:21792]",486,no,-0.280415036,-1.829988928,-1.00865756,-3.912485374,-1.896957496,-2.73521627
34262.85507,-1.913191187,0.509706014,-3.753518962,0.000174369,0.002289962,ENSG00000182326,C1S,protein_coding,complement C1s [Source:HGNC Symbol;Acc:HGNC:1247],487,no,-0.680733553,-1.604128413,-3.210933101,-4.659999007,-1.23364301,-0.615657617
599.7709541,-1.912472523,0.495853383,-3.856931485,0.000114819,0.001627863,ENSG00000160255,ITGB2,protein_coding,integrin subunit beta 2 [Source:HGNC Symbol;Acc:HGNC:6155],488,no,-0.888162568,-4.561136498,-1.450434478,-2.790134075,-1.611499799,-0.659896179
314.2524206,-1.912379661,0.417779758,-4.577482811,4.71E-06,0.000110853,ENSG00000140968,IRF8,protein_coding,interferon regulatory factor 8 [Source:HGNC Symbol;Acc:HGNC:5358],489,no,-0.930397329,-2.787190584,-0.665070584,-2.319881166,-2.75475075,-1.969196666
622.0986763,-1.911446603,0.569193506,-3.358166567,0.000784613,0.007757675,ENSG00000121361,KCNJ8,protein_coding,potassium voltage-gated channel subfamily J member 8 [Source:HGNC Symbol;Acc:HGNC:6269],490,no,-3.136112937,1.080140355,-1.346527199,-4.409459209,-2.463791737,-0.99355848
680.3332295,-1.910876151,0.34807679,-5.489812033,4.02E-08,1.95E-06,ENSG00000176209,SMIM19,protein_coding,small integral membrane protein 19 [Source:HGNC Symbol;Acc:HGNC:25166],491,no,-1.043669927,-1.930771289,-2.081976219,-2.824378404,-2.07792999,-1.513657524
923.3824455,-1.910122828,0.579673314,-3.295171233,0.000983617,0.009271691,ENSG00000116690,PRG4,protein_coding,proteoglycan 4 [Source:HGNC Symbol;Acc:HGNC:9364],492,no,0.740329509,-5.416368651,-2.793510293,-2.256531921,-0.953855938,-1.377689464
137.1373986,-1.907859917,0.559670612,-3.408897799,0.000652259,0.006639356,ENSG00000122694,GLIPR2,protein_coding,GLI pathogenesis related 2 [Source:HGNC Symbol;Acc:HGNC:18007],493,no,0.17812326,-3.980431792,-2.033369314,-3.380962132,-1.33331548,-0.97628609
3865.647178,-1.907351329,0.455876361,-4.183922428,2.87E-05,0.000493638,ENSG00000165795,NDRG2,protein_coding,NDRG family member 2 [Source:HGNC Symbol;Acc:HGNC:14460],494,no,-1.96912249,0.303834178,-3.491353064,-1.30717359,-2.522825723,-2.255173847
2801.313424,-1.907059034,0.408039392,-4.673713053,2.96E-06,7.47E-05,ENSG00000184500,PROS1,protein_coding,protein S [Source:HGNC Symbol;Acc:HGNC:9456],495,no,-2.233440243,-3.57390283,-1.135808018,-1.965774946,-0.653762096,-1.962895148
4274.527569,-1.902983655,0.541129268,-3.516689573,0.000436964,0.004810638,ENSG00000023330,ALAS1,protein_coding,5'-aminolevulinate synthase 1 [Source:HGNC Symbol;Acc:HGNC:396],496,no,-2.76090084,0.212154969,-2.808957725,-4.655158848,-0.839372026,-0.831637663
3170.176096,-1.897441845,0.487594399,-3.891434867,9.97E-05,0.001433524,ENSG00000166123,GPT2,protein_coding,glutamic--pyruvic transaminase 2 [Source:HGNC Symbol;Acc:HGNC:18062],497,no,-2.96290757,0.345288723,-2.316441473,-3.745732681,-1.555287867,-1.029475678
156155.0041,-1.896985057,0.458733846,-4.135262907,3.55E-05,0.000596279,ENSG00000125730,C3,protein_coding,complement C3 [Source:HGNC Symbol;Acc:HGNC:1318],498,no,-0.771703846,-1.559836608,-1.243014943,-4.150545743,-1.072513314,-2.902655448
654.5984845,-1.895957325,0.404170177,-4.690987689,2.72E-06,6.97E-05,ENSG00000175806,MSRA,protein_coding,methionine sulfoxide reductase A [Source:HGNC Symbol;Acc:HGNC:7377],499,no,-1.396321794,-0.531469198,-3.209893694,-2.458611751,-2.113834654,-1.662587775
786.7443284,-1.894697098,0.523575314,-3.618767056,0.00029601,0.003523967,ENSG00000175130,MARCKSL1,protein_coding,MARCKS like 1 [Source:HGNC Symbol;Acc:HGNC:7142],500,no,-0.217032631,-4.322178115,-0.981051494,-3.397266526,-0.75700203,-2.030302753
1029.136171,-1.89338684,0.554161094,-3.416672266,0.000633915,0.006495227,ENSG00000184012,TMPRSS2,protein_coding,transmembrane serine protease 2 [Source:HGNC Symbol;Acc:HGNC:11876],501,no,1.416413151,-0.879323704,-3.13088582,-3.749793518,-2.394771683,-1.937276406
2896.946777,-1.889836277,0.423620147,-4.46115769,8.15E-06,0.00017624,ENSG00000139178,C1RL,protein_coding,complement C1r subcomponent like [Source:HGNC Symbol;Acc:HGNC:21265],502,no,-0.05970655,-1.434977856,-2.842798879,-3.074893299,-2.101818812,-1.709938622
268.0875878,-1.885230712,0.541250986,-3.483098899,0.000495645,0.005317139,ENSG00000276023,DUSP14,protein_coding,dual specificity phosphatase 14 [Source:HGNC Symbol;Acc:HGNC:17007],503,no,-3.007374546,-2.091679417,-2.117465304,-3.932004824,-0.469804431,0.417787313
132.6836112,-1.883346863,0.531102813,-3.546105984,0.000390969,0.004413826,ENSG00000168497,CAVIN2,protein_coding,caveolae associated protein 2 [Source:HGNC Symbol;Acc:HGNC:10690],504,no,-0.186216738,-1.38945365,-1.001602803,-4.055926454,-2.933908632,-1.988777035
293.8209869,-1.882527283,0.458915639,-4.102120572,4.09E-05,0.000671757,ENSG00000184584,TMEM173,protein_coding,transmembrane protein 173 [Source:HGNC Symbol;Acc:HGNC:27962],505,no,-0.571410452,-3.433370767,-0.971407606,-3.060042562,-1.556623607,-1.80954
82.19835963,-1.876925313,0.556639935,-3.371884042,0.000746559,0.00745742,ENSG00000109089,CDR2L,protein_coding,cerebellar degeneration related protein 2 like [Source:HGNC Symbol;Acc:HGNC:29999],506,no,-1.016992548,-3.66182592,-1.71584832,-0.355537249,-1.351657116,-3.49096534
1569.67706,-1.872663278,0.547602206,-3.419751159,0.000626784,0.006451546,ENSG00000183087,GAS6,protein_coding,growth arrest specific 6 [Source:HGNC Symbol;Acc:HGNC:4168],507,no,-0.929525443,-0.285654781,-3.712957147,-4.048605426,0.107688475,-2.49872018
3660.801727,-1.865620024,0.502235046,-3.714635284,0.000203497,0.00262148,ENSG00000105852,PON3,protein_coding,paraoxonase 3 [Source:HGNC Symbol;Acc:HGNC:9206],508,no,-0.357083747,-1.476935969,-2.477956851,-4.761641114,-1.880612137,-0.77160433
114.8145324,-1.864492361,0.558382169,-3.339097244,0.000840511,0.008226518,ENSG00000075884,ARHGAP15,protein_coding,Rho GTPase activating protein 15 [Source:HGNC Symbol;Acc:HGNC:21030],509,no,-0.22726752,-3.221889119,-0.475533991,-3.990233913,-1.863157454,-1.622815527
653.1884071,-1.863445483,0.505602819,-3.685591562,0.000228172,0.002872599,ENSG00000155090,KLF10,protein_coding,Kruppel like factor 10 [Source:HGNC Symbol;Acc:HGNC:11810],510,no,-1.663794303,-3.080946071,0.776004776,-3.452917498,-2.164409691,-1.243165234
10023.06839,-1.860659374,0.544259183,-3.41870093,0.000629208,0.00645979,ENSG00000135929,CYP27A1,protein_coding,cytochrome P450 family 27 subfamily A member 1 [Source:HGNC Symbol;Acc:HGNC:2605],511,no,-2.142050198,0.751922174,-2.932055113,-3.371783745,0.221424574,-3.098574475
281.8852774,-1.859385972,0.476822998,-3.899530808,9.64E-05,0.001393013,ENSG00000198873,GRK5,protein_coding,G protein-coupled receptor kinase 5 [Source:HGNC Symbol;Acc:HGNC:4544],512,no,-1.511641813,-2.172297877,-1.667601875,-4.343870867,-1.052610048,-0.841544734
11020.06496,-1.857775933,0.487919097,-3.807549132,0.000140351,0.001926319,ENSG00000127884,ECHS1,protein_coding,"enoyl-CoA hydratase, short chain 1 [Source:HGNC Symbol;Acc:HGNC:3151]",513,no,-0.82969762,0.077237529,-4.232648536,-2.525579058,-2.052720448,-1.729887012
709.2753996,-1.857430852,0.33228323,-5.589902477,2.27E-08,1.18E-06,ENSG00000145545,SRD5A1,protein_coding,steroid 5 alpha-reductase 1 [Source:HGNC Symbol;Acc:HGNC:11284],514,no,-1.586682351,-1.51001592,-2.457386644,-2.537422229,-1.336539381,-1.741008987
8259.82239,-1.854289046,0.46920456,-3.951984279,7.75E-05,0.001152417,ENSG00000171766,GATM,protein_coding,glycine amidinotransferase [Source:HGNC Symbol;Acc:HGNC:4175],515,no,-1.040214142,-0.013290556,-3.032684369,-3.588974437,-2.301764756,-1.147172055
5893.940923,-1.854205623,0.417813146,-4.437882443,9.08E-06,0.000192507,ENSG00000075239,ACAT1,protein_coding,acetyl-CoA acetyltransferase 1 [Source:HGNC Symbol;Acc:HGNC:93],516,no,-0.544451354,-1.127406104,-1.549277645,-3.476396475,-2.684373675,-1.817450371
96.87940229,-1.851182613,0.492687477,-3.757316144,0.000171745,0.00226607,ENSG00000151623,NR3C2,protein_coding,nuclear receptor subfamily 3 group C member 2 [Source:HGNC Symbol;Acc:HGNC:7979],517,no,-0.915352287,-3.440983951,-0.916291769,-1.364048749,-2.859840913,-1.868976114
160.5400416,-1.849116564,0.525065705,-3.521686042,0.000428812,0.004738696,ENSG00000275832,ARHGAP23,protein_coding,Rho GTPase activating protein 23 [Source:HGNC Symbol;Acc:HGNC:29293],518,no,-0.031383641,-3.06283386,-0.274621297,-3.294339777,-1.963452908,-2.366773195
311.4638793,-1.848672763,0.506375422,-3.650794814,0.00026143,0.003208046,ENSG00000071967,CYBRD1,protein_coding,cytochrome b reductase 1 [Source:HGNC Symbol;Acc:HGNC:20797],519,no,-1.54391221,-3.786952063,-2.595771868,-0.026324565,-2.638475361,-0.556904543
4288.146099,-1.848441804,0.543133187,-3.403293792,0.000665786,0.006759322,ENSG00000130222,GADD45G,protein_coding,growth arrest and DNA damage inducible gamma [Source:HGNC Symbol;Acc:HGNC:4097],520,no,-1.37125426,1.418698561,-3.451407681,-2.026503344,-3.604082996,-1.463982919
1684.872175,-1.847008358,0.395457226,-4.670564184,3.00E-06,7.56E-05,ENSG00000137642,SORL1,protein_coding,sortilin related receptor 1 [Source:HGNC Symbol;Acc:HGNC:11185],521,no,-1.630586926,-1.299492613,-3.233013006,-0.537556308,-2.19626833,-2.200360556
92.47413789,-1.84605581,0.513479036,-3.595192168,0.000324152,0.003789017,ENSG00000110934,BIN2,protein_coding,bridging integrator 2 [Source:HGNC Symbol;Acc:HGNC:1053],522,no,-1.849776834,-3.175522807,0.125012405,-2.716034078,-1.46824506,-1.945708313
8254.579297,-1.844075065,0.46575572,-3.959318125,7.52E-05,0.001126228,ENSG00000123689,G0S2,protein_coding,G0/G1 switch 2 [Source:HGNC Symbol;Acc:HGNC:30229],523,no,-3.142846947,-2.194106724,0.725165665,-1.976609305,-1.419370127,-2.646429551
3283.402284,-1.843586969,0.387882598,-4.752950971,2.00E-06,5.35E-05,ENSG00000115738,ID2,protein_coding,inhibitor of DNA binding 2 [Source:HGNC Symbol;Acc:HGNC:5361],524,no,-0.873214858,-0.62662622,-2.279046847,-2.773950484,-1.934333317,-2.519679974
321.6771203,-1.843179955,0.551965789,-3.339301081,0.000839895,0.00822567,ENSG00000130592,LSP1,protein_coding,lymphocyte specific protein 1 [Source:HGNC Symbol;Acc:HGNC:6707],525,no,-0.732696538,-3.421441169,-1.051249703,-4.392846013,-1.928925225,0.098394029
4704.555755,-1.840608038,0.507103796,-3.629647527,0.000283808,0.003420465,ENSG00000170315,UBB,protein_coding,ubiquitin B [Source:HGNC Symbol;Acc:HGNC:12463],526,no,-0.962895991,-0.328653235,-2.895047225,-4.49794808,-2.054382052,-0.709516262
4806.763583,-1.840380443,0.436908368,-4.21228014,2.53E-05,0.000444932,ENSG00000060971,ACAA1,protein_coding,acetyl-CoA acyltransferase 1 [Source:HGNC Symbol;Acc:HGNC:82],527,no,-1.297787213,-0.853359202,-3.885125095,-2.678589756,-1.027426587,-1.542597295
19910.25899,-1.83967839,0.536931376,-3.426282154,0.000611904,0.006328176,ENSG00000111275,ALDH2,protein_coding,aldehyde dehydrogenase 2 family member [Source:HGNC Symbol;Acc:HGNC:404],528,no,-0.572379657,-1.091657524,-3.809483086,-4.244710516,-1.742005013,0.051923894
380.1861647,-1.835492183,0.476676099,-3.850606708,0.000117826,0.001661459,ENSG00000088827,SIGLEC1,protein_coding,sialic acid binding Ig like lectin 1 [Source:HGNC Symbol;Acc:HGNC:11127],529,no,-2.040886216,-3.981891271,-1.374651892,-1.446368287,-0.020910159,-2.307806846
244.2455439,-1.834089158,0.530353705,-3.458237668,0.000543721,0.005733824,ENSG00000167994,RAB3IL1,protein_coding,RAB3A interacting protein like 1 [Source:HGNC Symbol;Acc:HGNC:9780],530,no,-0.896530813,-2.248648763,-4.533850487,0.097417086,-1.604423186,-2.208482469
58514.0838,-1.832770593,0.447747859,-4.093309563,4.25E-05,0.000694143,ENSG00000120885,CLU,protein_coding,clusterin [Source:HGNC Symbol;Acc:HGNC:2095],531,no,-1.08000638,-0.733112399,-1.369394463,-4.216498979,-1.65764458,-2.298454698
32040.68906,-1.832288615,0.49412517,-3.708146694,0.000208782,0.002674025,ENSG00000167711,SERPINF2,protein_coding,serpin family F member 2 [Source:HGNC Symbol;Acc:HGNC:9075],532,no,-1.623865269,-0.07367871,-1.80134332,-4.692443515,-2.135270464,-1.138959605
11629.81675,-1.830542837,0.462324986,-3.959428742,7.51E-05,0.001126228,ENSG00000170458,CD14,protein_coding,CD14 molecule [Source:HGNC Symbol;Acc:HGNC:1628],533,no,-1.410322886,-0.281599225,-1.996336406,-4.259525054,-2.119781802,-1.218271663
148.5429966,-1.82826764,0.491186435,-3.722146033,0.000197537,0.002559568,ENSG00000026103,FAS,protein_coding,Fas cell surface death receptor [Source:HGNC Symbol;Acc:HGNC:11920],534,no,-0.910077344,-2.720964249,-2.51554967,-3.027013762,-0.022632142,-1.692809355
3121.256012,-1.826369425,0.45603035,-4.004929551,6.20E-05,0.000962984,ENSG00000100714,MTHFD1,protein_coding,"methylenetetrahydrofolate dehydrogenase, cyclohydrolase and formyltetrahydrofolate synthetase 1 [Source:HGNC Symbol;Acc:HGNC:7432]",535,no,-1.08134095,0.531662451,-2.486204683,-2.911736877,-2.442588599,-2.213758411
82.22485554,-1.825894704,0.542320837,-3.36681643,0.000760413,0.007576309,ENSG00000154237,LRRK1,protein_coding,leucine rich repeat kinase 1 [Source:HGNC Symbol;Acc:HGNC:18608],536,no,-1.524095878,-2.656427157,0.494340551,-1.920996874,-3.214920779,-1.996032851
5451.654358,-1.82325984,0.54276759,-3.359190696,0.000781711,0.007733907,ENSG00000132855,ANGPTL3,protein_coding,angiopoietin like 3 [Source:HGNC Symbol;Acc:HGNC:491],537,no,0.091303033,-0.280484007,-2.129073388,-3.957311797,-0.978692501,-3.918731599
1093.296806,-1.821084623,0.373781971,-4.872050452,1.10E-06,3.16E-05,ENSG00000171503,ETFDH,protein_coding,electron transfer flavoprotein dehydrogenase [Source:HGNC Symbol;Acc:HGNC:3483],538,no,-1.600749286,-0.416318496,-2.685373362,-2.324392549,-1.773767976,-2.055413854
299.5095512,-1.816957995,0.474808935,-3.826713995,0.000129865,0.001806361,ENSG00000137841,PLCB2,protein_coding,phospholipase C beta 2 [Source:HGNC Symbol;Acc:HGNC:9055],539,no,-2.269238346,-2.95772496,-0.653217332,-3.086514774,-0.061660591,-1.800243503
1291.018953,-1.816281061,0.392536332,-4.627039366,3.71E-06,9.07E-05,ENSG00000178980,SELENOW,protein_coding,selenoprotein W [Source:HGNC Symbol;Acc:HGNC:10752],540,no,-1.246837444,-2.890335373,-2.373246657,-2.25095497,-0.40430051,-1.685914499
597.2489142,-1.815664523,0.457440518,-3.969181678,7.21E-05,0.00108691,ENSG00000142910,TINAGL1,protein_coding,tubulointerstitial nephritis antigen like 1 [Source:HGNC Symbol;Acc:HGNC:19168],541,no,-0.216889588,-2.604056149,-2.65242294,-2.795388061,-0.289736212,-2.155084377
97.25489803,-1.814547176,0.444759251,-4.079841337,4.51E-05,0.000730564,ENSG00000020181,ADGRA2,protein_coding,adhesion G protein-coupled receptor A2 [Source:HGNC Symbol;Acc:HGNC:17849],542,no,-1.09499506,-2.684909534,-2.112963912,-1.927949634,-2.297527151,-0.767763863
551.546514,-1.813376322,0.458713841,-3.953175507,7.71E-05,0.001148893,ENSG00000115919,KYNU,protein_coding,kynureninase [Source:HGNC Symbol;Acc:HGNC:6469],543,no,-3.28420165,-1.593594367,-1.923923439,-2.768833776,0.220035113,-1.419689703
88105.63299,-1.812497797,0.489683132,-3.701368656,0.00021444,0.00273448,ENSG00000136872,ALDOB,protein_coding,"aldolase, fructose-bisphosphate B [Source:HGNC Symbol;Acc:HGNC:417]",544,no,-0.96478924,-1.360716229,-4.119920809,-1.078962518,-3.307501532,-0.413069892
149.540537,-1.812127597,0.412653531,-4.391402138,1.13E-05,0.000229427,ENSG00000187800,PEAR1,protein_coding,platelet endothelial aggregation receptor 1 [Source:HGNC Symbol;Acc:HGNC:33631],545,no,-0.639811369,-2.604536117,-1.417190005,-2.334733182,-2.022527942,-1.857835557
236.3503204,-1.810289623,0.469362897,-3.856908236,0.00011483,0.001627863,ENSG00000163738,MTHFD2L,protein_coding,methylenetetrahydrofolate dehydrogenase (NADP+ dependent) 2 like [Source:HGNC Symbol;Acc:HGNC:31865],546,no,-0.713968411,-1.012342047,-1.153605896,-3.399995445,-1.572275751,-3.14290018
99.06449432,-1.809753493,0.50010285,-3.618762604,0.000296015,0.003523967,ENSG00000138172,CALHM2,protein_coding,calcium homeostasis modulator family member 2 [Source:HGNC Symbol;Acc:HGNC:23493],547,no,-0.09499506,-3.358289743,-1.955314255,-1.986244156,-2.235741322,-1.244303904
327.300745,-1.80752207,0.517608588,-3.492063522,0.000479304,0.005181225,ENSG00000167552,TUBA1A,protein_coding,tubulin alpha 1a [Source:HGNC Symbol;Acc:HGNC:20766],548,no,0.398991539,-3.887643429,-1.550424711,-3.051032187,-1.127513442,-1.647268571
86.60471658,-1.807171917,0.477877185,-3.781666033,0.000155782,0.002090068,ENSG00000183853,KIRREL1,protein_coding,kirre like nephrin family adhesion molecule 1 [Source:HGNC Symbol;Acc:HGNC:15734],549,no,-0.22557917,-1.947943939,-1.680572846,-2.620388502,-2.658598326,-1.69235646
99.59251416,-1.805220893,0.539127696,-3.348410602,0.000812765,0.008000349,ENSG00000133874,RNF122,protein_coding,ring finger protein 122 [Source:HGNC Symbol;Acc:HGNC:21147],550,no,-0.787458058,-3.348184437,-0.616312647,-3.761641114,-1.365024339,-1.359287808
433.1821754,-1.802515115,0.371961808,-4.845968265,1.26E-06,3.55E-05,ENSG00000153714,LURAP1L,protein_coding,leucine rich adaptor protein 1 like [Source:HGNC Symbol;Acc:HGNC:31452],551,no,-2.77649419,-2.105506558,-0.775620541,-1.833374363,-1.29508838,-2.058163097
215.6881328,-1.802296569,0.382920928,-4.706706887,2.52E-06,6.53E-05,ENSG00000074527,NTN4,protein_coding,netrin 4 [Source:HGNC Symbol;Acc:HGNC:13658],552,no,-1.729505099,-1.760371072,-1.867851414,-2.449037691,-0.640549689,-2.307519199
701.8739435,-1.801722111,0.381032827,-4.728522012,2.26E-06,5.93E-05,ENSG00000070404,FSTL3,protein_coding,follistatin like 3 [Source:HGNC Symbol;Acc:HGNC:3973],553,no,-1.640756676,-1.385192718,-1.128872288,-1.130352454,-2.678456796,-2.930026068
251.7280386,-1.801443445,0.442851219,-4.067829932,4.75E-05,0.000764915,ENSG00000133574,GIMAP4,protein_coding,"GTPase, IMAP family member 4 [Source:HGNC Symbol;Acc:HGNC:21872]",554,no,-0.269500869,-2.898928262,-1.363808908,-2.936300198,-1.81171504,-1.539518715
2241.445066,-1.800446167,0.302907299,-5.943885044,2.78E-09,1.97E-07,ENSG00000079739,PGM1,protein_coding,phosphoglucomutase 1 [Source:HGNC Symbol;Acc:HGNC:8905],555,no,-1.046535293,-1.719025584,-2.123468348,-2.013761059,-1.916184583,-1.9688931
88.04695023,-1.799335228,0.541623518,-3.322114292,0.000893381,0.008628742,ENSG00000007264,MATK,protein_coding,megakaryocyte-associated tyrosine kinase [Source:HGNC Symbol;Acc:HGNC:6906],556,no,-2.015430345,-3.218591529,-2.293736295,-2.760938902,-0.075927637,-0.33467834
10320.18068,-1.799037601,0.546460377,-3.292164767,0.000994193,0.009337922,ENSG00000221869,CEBPD,protein_coding,CCAAT enhancer binding protein delta [Source:HGNC Symbol;Acc:HGNC:1835],557,no,-0.64336962,0.979807602,-1.994956104,-4.380741786,-1.771201232,-2.870334582
184.8789796,-1.795168475,0.512127786,-3.505313566,0.00045607,0.004982105,ENSG00000159842,ABR,protein_coding,"ABR, RhoGEF and GTPase activating protein [Source:HGNC Symbol;Acc:HGNC:81]",558,no,-0.823662593,-3.181461299,-1.241589284,-3.711972052,-0.231408902,-1.800575501
1397.796931,-1.793641361,0.506377945,-3.542100082,0.000396955,0.004474895,ENSG00000116717,GADD45A,protein_coding,growth arrest and DNA damage inducible alpha [Source:HGNC Symbol;Acc:HGNC:4095],559,no,-0.641483413,-0.380663413,-4.402746917,-2.865160452,-1.968833709,-0.904996284
318.7006861,-1.79175408,0.506767729,-3.535651496,0.000406771,0.004565785,ENSG00000161835,GRASP,protein_coding,general receptor for phosphoinositides 1 associated scaffold protein [Source:HGNC Symbol;Acc:HGNC:18707],560,no,-0.899350938,-2.792665714,0.467882481,-3.60216967,-1.936984994,-1.859813206
196.4693629,-1.78659342,0.355500128,-5.025577425,5.02E-07,1.62E-05,ENSG00000118507,AKAP7,protein_coding,A-kinase anchoring protein 7 [Source:HGNC Symbol;Acc:HGNC:377],561,no,-2.378981716,-1.634032862,-1.841379202,-1.147808555,-1.764841102,-1.984527562
236.9844346,-1.78571213,0.44748877,-3.990518306,6.59E-05,0.0010073,ENSG00000140682,TGFB1I1,protein_coding,transforming growth factor beta 1 induced transcript 1 [Source:HGNC Symbol;Acc:HGNC:11767],562,no,-0.845202678,-2.584282975,-1.439008115,-3.529451192,-1.034107461,-1.432695654
7876.077424,-1.785617087,0.538026075,-3.318830017,0.000903954,0.008695132,ENSG00000198959,TGM2,protein_coding,transglutaminase 2 [Source:HGNC Symbol;Acc:HGNC:11778],563,no,1.921818834,-3.051232371,-2.573829315,-2.729065884,-1.33904055,-1.837120683
1108.36763,-1.78135662,0.481778883,-3.697456828,0.00021777,0.002770859,ENSG00000198053,SIRPA,protein_coding,signal regulatory protein alpha [Source:HGNC Symbol;Acc:HGNC:9662],564,no,-0.710199121,-2.106664494,-2.322090363,0.077286769,-1.756928873,-3.956410511
864.9498372,-1.778243294,0.488728153,-3.638512089,0.000274218,0.003333346,ENSG00000109819,PPARGC1A,protein_coding,PPARG coactivator 1 alpha [Source:HGNC Symbol;Acc:HGNC:9237],565,no,-0.470908973,-0.403188942,-2.277727208,-2.689390354,-3.965031749,-1.045028079
635.4210146,-1.776087333,0.464233479,-3.825849306,0.000130322,0.001811091,ENSG00000197956,S100A6,protein_coding,S100 calcium binding protein A6 [Source:HGNC Symbol;Acc:HGNC:10496],566,no,-0.408290327,-4.159414102,-1.877617721,-1.039475933,-1.910947484,-1.589935396
509.5472891,-1.772043813,0.52462226,-3.377751855,0.00073081,0.007323669,ENSG00000196562,SULF2,protein_coding,sulfatase 2 [Source:HGNC Symbol;Acc:HGNC:20392],567,no,0.51115921,-3.896136037,-3.327642314,-1.214188538,-1.676150201,-1.142937786
4785.216755,-1.771912132,0.431427073,-4.107095366,4.01E-05,0.000660248,ENSG00000101160,CTSZ,protein_coding,cathepsin Z [Source:HGNC Symbol;Acc:HGNC:2547],568,no,-1.607226673,-1.805203767,-3.936803794,-1.690758316,-1.406382641,-0.427740345
259.2235113,-1.771258967,0.48301354,-3.66710003,0.000245317,0.003053772,ENSG00000154258,ABCA9,protein_coding,ATP binding cassette subfamily A member 9 [Source:HGNC Symbol;Acc:HGNC:39],569,no,-3.56425434,-0.908880946,0.148663673,-2.195341726,-1.966993265,-2.112932143
347.2708227,-1.76884429,0.487556929,-3.627974876,0.000285653,0.003434696,ENSG00000089847,ANKRD24,protein_coding,ankyrin repeat domain 24 [Source:HGNC Symbol;Acc:HGNC:29424],570,no,-2.377856306,0.785183044,-1.299411369,-2.9957423,-1.883282559,-2.440142906
7840.626668,-1.768156343,0.401858452,-4.399948124,1.08E-05,0.000222032,ENSG00000214274,ANG,protein_coding,angiogenin [Source:HGNC Symbol;Acc:HGNC:483],571,no,-2.803112419,-0.223032765,-0.960222948,-2.446659022,-2.202348118,-1.879785052
92.52855513,-1.768145031,0.483253189,-3.658837793,0.000253362,0.003124539,ENSG00000031081,ARHGAP31,protein_coding,Rho GTPase activating protein 31 [Source:HGNC Symbol;Acc:HGNC:29216],572,no,-0.467559109,-2.596967312,-1.46575297,-2.90148288,-1.070944229,-2.079379583
75.59737139,-1.767844121,0.539750717,-3.275297402,0.001055508,0.009793574,ENSG00000061918,GUCY1B1,protein_coding,guanylate cyclase 1 soluble subunit beta 1 [Source:HGNC Symbol;Acc:HGNC:4687],573,no,-0.325114844,-2.555626517,-3.604817008,-1.168792458,-0.914218726,-2.249304585
862.2017616,-1.767748408,0.533438024,-3.313877766,0.000920117,0.008794938,ENSG00000168487,BMP1,protein_coding,bone morphogenetic protein 1 [Source:HGNC Symbol;Acc:HGNC:1067],574,no,-2.694164695,0.463338762,-1.27927766,-3.707785991,-0.200309942,-3.066669873
1602.843371,-1.766702559,0.442514988,-3.992412926,6.54E-05,0.001002243,ENSG00000120896,SORBS3,protein_coding,sorbin and SH3 domain containing 3 [Source:HGNC Symbol;Acc:HGNC:30907],575,no,-1.661727717,-0.332860098,-1.798009841,-3.999304298,-1.40196793,-1.660589949
331.0037788,-1.765189063,0.412330721,-4.281003026,1.86E-05,0.000348248,ENSG00000213654,GPSM3,protein_coding,G protein signaling modulator 3 [Source:HGNC Symbol;Acc:HGNC:13945],576,no,-1.69517946,-3.505425704,-1.101541858,-1.817154289,-0.962598821,-1.677063173
301.6617307,-1.764776593,0.509724578,-3.462216007,0.000535747,0.005661266,ENSG00000130755,GMFG,protein_coding,glia maturation factor gamma [Source:HGNC Symbol;Acc:HGNC:4374],577,no,-0.873514439,-2.590933385,-0.340941581,-4.391954746,-1.166302074,-1.675282947
304.4494705,-1.764026889,0.48843979,-3.611554434,0.000304367,0.003596362,ENSG00000037280,FLT4,protein_coding,fms related tyrosine kinase 4 [Source:HGNC Symbol;Acc:HGNC:3767],578,no,0.323929706,-2.178063723,-1.445927529,-1.629942809,-1.868179722,-3.822753097
3497.232484,-1.762873101,0.385499775,-4.572954939,4.81E-06,0.000112934,ENSG00000122971,ACADS,protein_coding,acyl-CoA dehydrogenase short chain [Source:HGNC Symbol;Acc:HGNC:90],579,no,-1.746155077,-0.642248871,-2.146984843,-1.305339442,-3.256786103,-1.543826255
249.1469024,-1.762816269,0.49899741,-3.532716272,0.000411314,0.004590095,ENSG00000104883,PEX11G,protein_coding,peroxisomal biogenesis factor 11 gamma [Source:HGNC Symbol;Acc:HGNC:20208],580,no,-1.532439817,0.642312861,-3.565393183,-1.771706718,-2.250267929,-1.895018248
119.8661842,-1.761623503,0.484369641,-3.636940376,0.000275896,0.003345883,ENSG00000184060,ADAP2,protein_coding,ArfGAP with dual PH domains 2 [Source:HGNC Symbol;Acc:HGNC:16487],581,no,-1.388440779,-3.757260378,-2.1822327,-1.320327372,-0.500425466,-1.674047902
1221.628016,-1.759173208,0.513702025,-3.424501217,0.000615929,0.00634865,ENSG00000111348,ARHGDIB,protein_coding,Rho GDP dissociation inhibitor beta [Source:HGNC Symbol;Acc:HGNC:679],582,no,-0.260382142,-3.215616063,-0.788443451,-4.34465218,-1.036341312,-1.381262363
767.2159242,-1.755961648,0.401860495,-4.369580164,1.24E-05,0.000245851,ENSG00000049449,RCN1,protein_coding,reticulocalbin 1 [Source:HGNC Symbol;Acc:HGNC:9934],583,no,-1.080717335,-1.268203214,-2.965107348,-2.89361831,-0.93406299,-1.485378322
195.8466397,-1.754491426,0.530813689,-3.305286702,0.000948793,0.009013533,ENSG00000185010,F8,protein_coding,coagulation factor VIII [Source:HGNC Symbol;Acc:HGNC:3546],584,no,-0.850973824,-2.591250426,-4.38049971,-1.880624275,-0.041331788,-1.216289528
92.69229148,-1.75386632,0.474862925,-3.693415992,0.000221262,0.002799677,ENSG00000146966,DENND2A,protein_coding,DENN domain containing 2A [Source:HGNC Symbol;Acc:HGNC:22212],585,no,-0.511211136,-2.458329315,-0.876568631,-2.383588935,-2.59353487,-1.73746638
111.7152085,-1.742006305,0.492727593,-3.535434849,0.000407105,0.004565785,ENSG00000133561,GIMAP6,protein_coding,"GTPase, IMAP family member 6 [Source:HGNC Symbol;Acc:HGNC:21918]",586,no,-0.138493553,-3.462517112,-1.63338616,-1.326246716,-2.18723722,-1.823425526
26053.46196,-1.740862042,0.423636962,-4.109325197,3.97E-05,0.0006546,ENSG00000160862,AZGP1,protein_coding,"alpha-2-glycoprotein 1, zinc-binding [Source:HGNC Symbol;Acc:HGNC:910]",587,no,-2.634004761,-0.342856166,-2.479663574,-2.662601893,-1.831909937,-0.374071779
150.7299402,-1.739415936,0.443001376,-3.926434609,8.62E-05,0.001264938,ENSG00000141447,OSBPL1A,protein_coding,oxysterol binding protein like 1A [Source:HGNC Symbol;Acc:HGNC:16398],588,no,-2.530488681,-1.746569299,-3.157358031,-1.027723226,-1.265960212,-0.875537558
6741.903419,-1.738634557,0.49610833,-3.504546186,0.000457386,0.004989463,ENSG00000170099,SERPINA6,protein_coding,serpin family A member 6 [Source:HGNC Symbol;Acc:HGNC:1540],589,no,-1.87647088,0.329228996,-4.137180703,-2.321722587,-1.892358879,-0.630868519
188.2783171,-1.734688784,0.47020485,-3.689219252,0.000224943,0.002836552,ENSG00000186517,ARHGAP30,protein_coding,Rho GTPase activating protein 30 [Source:HGNC Symbol;Acc:HGNC:27414],590,no,-1.295279614,-3.762077394,-0.626342001,-2.462934414,-1.264673814,-1.266694481
62.97705905,-1.732199437,0.496574557,-3.488296801,0.000486108,0.00524382,ENSG00000198286,CARD11,protein_coding,caspase recruitment domain family member 11 [Source:HGNC Symbol;Acc:HGNC:16393],591,no,-1.349776898,-2.741493062,-0.671454201,-2.58644117,-1.200543477,-1.971364502
222.1872648,-1.7313838,0.422827609,-4.094774715,4.23E-05,0.000691222,ENSG00000104691,UBXN8,protein_coding,UBX domain protein 8 [Source:HGNC Symbol;Acc:HGNC:30307],592,no,-1.398363826,-0.919031247,-1.924434942,-3.311843233,-1.007271276,-1.925446463
538.5613891,-1.730511216,0.362988717,-4.767396718,1.87E-06,4.99E-05,ENSG00000107281,NPDC1,protein_coding,"neural proliferation, differentiation and control 1 [Source:HGNC Symbol;Acc:HGNC:7899]",593,no,-0.54514316,-2.071737289,-1.452251351,-2.445326393,-1.767821621,-2.066523246
497.8189113,-1.722367805,0.496652786,-3.467951559,0.000524442,0.005562796,ENSG00000069431,ABCC9,protein_coding,ATP binding cassette subfamily C member 9 [Source:HGNC Symbol;Acc:HGNC:60],594,no,-4.129604432,-0.675090183,0.083745986,-2.188703472,-2.052850212,-1.602180681
422.0989283,-1.718897173,0.376910589,-4.560490528,5.10E-06,0.000118475,ENSG00000140044,JDP2,protein_coding,Jun dimerization protein 2 [Source:HGNC Symbol;Acc:HGNC:17546],595,no,-1.376645144,-2.757900296,-1.077489563,-1.349361306,-2.524035681,-1.276625191
22853.38639,-1.714042792,0.430616742,-3.980436955,6.88E-05,0.001045844,ENSG00000141753,IGFBP4,protein_coding,insulin like growth factor binding protein 4 [Source:HGNC Symbol;Acc:HGNC:5473],596,no,-0.328561022,-0.650568364,-2.817114309,-1.175018247,-2.905150777,-2.384761634
177.2693104,-1.709414829,0.478536979,-3.572168725,0.000354037,0.004073921,ENSG00000169992,NLGN2,protein_coding,neuroligin 2 [Source:HGNC Symbol;Acc:HGNC:14290],597,no,-1.673038147,-2.067126855,-1.189130961,-0.160635125,-3.724105433,-1.64411858
81.02394556,-1.708114078,0.471505686,-3.6226797,0.000291567,0.003487007,ENSG00000147316,MCPH1,protein_coding,microcephalin 1 [Source:HGNC Symbol;Acc:HGNC:6954],598,no,-2.47567452,-2.457929843,-0.731789864,-2.216944455,-1.632875762,-0.746804244
301.2045866,-1.705930622,0.386977758,-4.408342823,1.04E-05,0.000216169,ENSG00000120913,PDLIM2,protein_coding,PDZ and LIM domain 2 [Source:HGNC Symbol;Acc:HGNC:13992],599,no,-1.195737505,-1.367070327,-2.557636739,-1.513058698,-2.702299636,-0.963872796
904.53128,-1.704936171,0.458692409,-3.716948736,0.000201643,0.002606253,ENSG00000131979,GCH1,protein_coding,GTP cyclohydrolase 1 [Source:HGNC Symbol;Acc:HGNC:4193],600,no,-0.308647632,-2.429707552,-0.578301992,-3.400046947,-1.052477481,-2.511992564
326.858403,-1.703015403,0.40923657,-4.161444816,3.16E-05,0.000540044,ENSG00000138792,ENPEP,protein_coding,glutamyl aminopeptidase [Source:HGNC Symbol;Acc:HGNC:3355],601,no,-1.120183392,-3.196732095,-0.540209668,-1.717685704,-1.844909685,-1.938102896
330.1474696,-1.699314218,0.397572073,-4.274229337,1.92E-05,0.000354863,ENSG00000074660,SCARF1,protein_coding,scavenger receptor class F member 1 [Source:HGNC Symbol;Acc:HGNC:16820],602,no,-1.419090992,-0.809074874,-2.219422494,-2.899180094,-0.934906947,-1.940297717
106.874215,-1.698511118,0.500769129,-3.391804762,0.000694339,0.007024544,ENSG00000141506,PIK3R5,protein_coding,phosphoinositide-3-kinase regulatory subunit 5 [Source:HGNC Symbol;Acc:HGNC:30035],603,no,-0.970198337,-3.93413814,-1.180273847,-2.197587603,-1.195099338,-1.064286434
235.5484452,-1.691728099,0.477820119,-3.540512491,0.000399351,0.004498637,ENSG00000101546,RBFA,protein_coding,ribosome binding factor A [Source:HGNC Symbol;Acc:HGNC:26120],604,no,-1.572207706,-0.269322331,-3.948612426,-1.635350771,-1.012884733,-1.994490686
409.1809706,-1.691413617,0.418938471,-4.037379558,5.41E-05,0.000855293,ENSG00000142347,MYO1F,protein_coding,myosin IF [Source:HGNC Symbol;Acc:HGNC:7600],605,no,-1.629695695,-3.495967306,-0.541818921,-1.541586935,-1.302793535,-1.80724746
4756.412578,-1.6889455,0.45707863,-3.695087427,0.000219811,0.002790594,ENSG00000148175,STOM,protein_coding,stomatin [Source:HGNC Symbol;Acc:HGNC:3383],606,no,-0.694586186,-1.492529681,-2.582791865,-3.415049995,-2.042268489,0.125102535
53773.77507,-1.685768054,0.463162174,-3.639692852,0.000272963,0.003323303,ENSG00000149131,SERPING1,protein_coding,serpin family G member 1 [Source:HGNC Symbol;Acc:HGNC:1228],607,no,-0.552461882,-0.533901745,-1.489803107,-4.054521659,-2.458755882,-1.347324128
271.980042,-1.685157025,0.490437676,-3.43602685,0.000590312,0.006166501,ENSG00000043462,LCP2,protein_coding,lymphocyte cytosolic protein 2 [Source:HGNC Symbol;Acc:HGNC:6529],608,no,-0.551623374,-3.520781124,-0.517494911,-3.163750099,-1.142464639,-1.438860379
265.5106943,-1.684710063,0.491331883,-3.428863706,0.000606114,0.006293448,ENSG00000104228,TRIM35,protein_coding,tripartite motif containing 35 [Source:HGNC Symbol;Acc:HGNC:16285],609,no,-2.002195546,-1.583107253,-0.685086067,-4.105098671,-1.653390035,-0.354486821
90.72473929,-1.682233588,0.453621806,-3.708449562,0.000208532,0.002673035,ENSG00000176381,PRR18,protein_coding,proline rich 18 [Source:HGNC Symbol;Acc:HGNC:28574],610,no,-2.175971404,-2.528319171,-1.300810821,-0.788736418,-1.046282175,-2.317960945
79.76273872,-1.681146393,0.510189584,-3.29514056,0.000983725,0.009271691,ENSG00000164342,TLR3,protein_coding,toll like receptor 3 [Source:HGNC Symbol;Acc:HGNC:11849],611,no,-1.480393069,-2.025946451,0.170283715,-2.463584423,-2.799234148,-1.424876149
2791.840484,-1.680374185,0.478543008,-3.511438174,0.000445689,0.004894974,ENSG00000149476,TKFC,protein_coding,triokinase and FMN cyclase [Source:HGNC Symbol;Acc:HGNC:24552],612,no,-2.887809013,0.261557268,-2.203509436,-2.161061727,-2.788613702,-0.020883797
1682.859863,-1.678069609,0.469854072,-3.571469758,0.000354984,0.004076512,ENSG00000101335,MYL9,protein_coding,myosin light chain 9 [Source:HGNC Symbol;Acc:HGNC:15754],613,no,-0.621942669,-2.350718382,-3.526945644,0.099799339,-2.431178414,-1.253350498
200.673447,-1.677751802,0.422126993,-3.974519111,7.05E-05,0.00106905,ENSG00000141448,GATA6,protein_coding,GATA binding protein 6 [Source:HGNC Symbol;Acc:HGNC:4174],614,no,-0.907388257,-2.162008001,-2.892726082,-1.661267857,-0.551120632,-1.976861328
418.4735659,-1.671986114,0.367101205,-4.55456449,5.25E-06,0.00012108,ENSG00000105655,ISYNA1,protein_coding,inositol-3-phosphate synthase 1 [Source:HGNC Symbol;Acc:HGNC:29821],615,no,-0.70293414,-1.719674952,-1.948645496,-1.784067198,-2.665890819,-1.23043779
417.3168973,-1.671273683,0.434260828,-3.8485481,0.00011882,0.001670691,ENSG00000131018,SYNE1,protein_coding,spectrin repeat containing nuclear envelope protein 1 [Source:HGNC Symbol;Acc:HGNC:17089],616,no,-1.65778932,-3.741493062,-0.664743979,-1.360400972,-1.867853882,-1.031864956
16327.10369,-1.670558919,0.469991078,-3.554448157,0.000378773,0.004301168,ENSG00000072778,ACADVL,protein_coding,acyl-CoA dehydrogenase very long chain [Source:HGNC Symbol;Acc:HGNC:92],617,no,-2.144227973,0.215245312,-1.565192237,-3.81594972,-0.727629093,-2.054797491
230.0531098,-1.66599466,0.441136346,-3.776598041,0.000158985,0.002123859,ENSG00000138964,PARVG,protein_coding,parvin gamma [Source:HGNC Symbol;Acc:HGNC:14654],618,no,-1.239723353,-3.001331152,-0.574923191,-2.683327266,-0.805393129,-1.761601246
931.5638303,-1.664571287,0.474572685,-3.507515999,0.000452311,0.004949617,ENSG00000095203,EPB41L4B,protein_coding,erythrocyte membrane protein band 4.1 like 4B [Source:HGNC Symbol;Acc:HGNC:19818],619,no,-1.403117356,-1.020108641,-0.39252867,-3.80242935,-2.8919759,-0.752263835
113.6714687,-1.66375353,0.501908241,-3.314855974,0.000916904,0.00878586,ENSG00000137101,CD72,protein_coding,CD72 molecule [Source:HGNC Symbol;Acc:HGNC:1696],620,no,-1.677533306,-3.494225972,-0.545923319,-2.700097952,-0.823760382,-0.965444531
431.1036605,-1.660666343,0.424509121,-3.911968574,9.15E-05,0.001333097,ENSG00000129353,SLC44A2,protein_coding,solute carrier family 44 member 2 [Source:HGNC Symbol;Acc:HGNC:17292],621,no,-0.195205521,-2.727331524,-1.370664873,-2.468157152,-2.250425368,-0.926945642
1282.976048,-1.659688233,0.40254284,-4.123010194,3.74E-05,0.000620842,ENSG00000152990,ADGRA3,protein_coding,adhesion G protein-coupled receptor A3 [Source:HGNC Symbol;Acc:HGNC:13839],622,no,-0.088531546,-2.375952221,-1.985525216,-1.043133427,-2.668716863,-1.716812404
1957.096438,-1.653903143,0.38007444,-4.351524249,1.35E-05,0.000263646,ENSG00000164344,KLKB1,protein_coding,kallikrein B1 [Source:HGNC Symbol;Acc:HGNC:6371],623,no,-0.630179501,-0.912597323,-1.942469455,-1.678206885,-3.000901548,-1.794244847
695.8089458,-1.653521919,0.365370097,-4.525608231,6.02E-06,0.000136671,ENSG00000156110,ADK,protein_coding,adenosine kinase [Source:HGNC Symbol;Acc:HGNC:257],624,no,-1.189537298,-0.758627584,-2.294558906,-2.568937423,-1.246365505,-1.870539613
267.7316648,-1.65243713,0.452000182,-3.655832884,0.000256348,0.003155666,ENSG00000109794,FAM149A,protein_coding,family with sequence similarity 149 member A [Source:HGNC Symbol;Acc:HGNC:24527],625,no,-1.601008461,-0.041053344,-2.545923319,-0.854576448,-3.015389315,-1.820120922
136.7615747,-1.648766628,0.434594472,-3.793804878,0.000148356,0.002007537,ENSG00000129757,CDKN1C,protein_coding,cyclin dependent kinase inhibitor 1C [Source:HGNC Symbol;Acc:HGNC:1786],626,no,-0.505060648,-2.503843974,-1.035126837,-2.258339308,-2.215857898,-1.424876149
285.6702158,-1.648619013,0.434737624,-3.792216095,0.000149309,0.00201541,ENSG00000177374,HIC1,protein_coding,HIC ZBTB transcriptional repressor 1 [Source:HGNC Symbol;Acc:HGNC:4909],627,no,-1.256583462,-1.649053381,-1.592549479,-3.624438434,-1.297840678,-0.687910555
1097.83497,-1.648339191,0.488721756,-3.372755907,0.000744199,0.007438635,ENSG00000159921,GNE,protein_coding,glucosamine (UDP-N-acetyl)-2-epimerase/N-acetylmannosamine kinase [Source:HGNC Symbol;Acc:HGNC:23657],628,no,-4.784546462,-0.703506853,-1.188330916,-1.306547031,-1.624105552,-1.098333536
530.0985677,-1.645945478,0.398142883,-4.13405726,3.56E-05,0.000598769,ENSG00000065308,TRAM2,protein_coding,translocation associated membrane protein 2 [Source:HGNC Symbol;Acc:HGNC:16855],629,no,-1.548380303,-2.134488818,-0.596549392,-2.977815278,-1.782327259,-0.865103557
390.7911075,-1.643928478,0.500279395,-3.286020762,0.001016135,0.009502088,ENSG00000182534,MXRA7,protein_coding,matrix remodeling associated 7 [Source:HGNC Symbol;Acc:HGNC:7541],630,no,-1.146683625,-3.119215367,-1.566060964,-3.308553636,0.530123598,-1.215648187
984.6691718,-1.643040833,0.375318139,-4.377728284,1.20E-05,0.000238356,ENSG00000177943,MAMDC4,protein_coding,MAM domain containing 4 [Source:HGNC Symbol;Acc:HGNC:24083],631,no,-0.456930798,-1.273855548,-1.775246234,-1.564840406,-2.804878615,-1.956714274
137.3794662,-1.638833139,0.447113436,-3.665363213,0.000246988,0.003069649,ENSG00000171608,PIK3CD,protein_coding,"phosphatidylinositol-4,5-bisphosphate 3-kinase catalytic subunit delta [Source:HGNC Symbol;Acc:HGNC:8977]",632,no,-1.561721124,-3.157662531,-0.495998094,-2.165144681,-1.251106624,-1.331766745
1038.055146,-1.637979718,0.479318011,-3.417313097,0.000632425,0.006484236,ENSG00000153086,ACMSD,protein_coding,aminocarboxymuconate semialdehyde decarboxylase [Source:HGNC Symbol;Acc:HGNC:19288],633,no,-0.459262286,-2.379457792,-1.174242189,-3.476906218,-2.472982798,0.129751023
828.0872066,-1.635865832,0.428365056,-3.818859194,0.00013407,0.001853226,ENSG00000139508,SLC46A3,protein_coding,solute carrier family 46 member 3 [Source:HGNC Symbol;Acc:HGNC:27501],634,no,-2.080244105,-2.597227421,-2.914354517,-0.224452846,-0.753014356,-1.254257378
1231.401261,-1.635177159,0.474524839,-3.445925322,0.000569108,0.005973129,ENSG00000182809,CRIP2,protein_coding,cysteine rich protein 2 [Source:HGNC Symbol;Acc:HGNC:2361],635,no,0.209675976,-1.366148718,-1.226056054,-3.95301318,-1.447121829,-2.219147058
298.4969787,-1.630096059,0.450623809,-3.617421062,0.000297553,0.003539399,ENSG00000184113,CLDN5,protein_coding,claudin 5 [Source:HGNC Symbol;Acc:HGNC:2047],636,no,0.552065258,-1.568635577,-2.187788211,-1.692374615,-2.501386942,-2.112932143
1183.051626,-1.627115,0.423118967,-3.845526025,0.000120294,0.001689887,ENSG00000165410,CFL2,protein_coding,cofilin 2 [Source:HGNC Symbol;Acc:HGNC:1875],637,no,-3.047063402,-0.523268275,-0.417874958,-2.32695943,-2.16598759,-1.296434599
1951.386188,-1.626921635,0.461406118,-3.526007935,0.000421874,0.004687727,ENSG00000160888,IER2,protein_coding,immediate early response 2 [Source:HGNC Symbol;Acc:HGNC:28871],638,no,-0.666081713,-1.13983269,-0.386697707,-3.519370019,-1.260576118,-3.001282984
121.9921139,-1.622797566,0.388099833,-4.181392071,2.90E-05,0.000497508,ENSG00000184924,PTRHD1,protein_coding,peptidyl-tRNA hydrolase domain containing 1 [Source:HGNC Symbol;Acc:HGNC:33782],639,no,-1.107807712,-1.362981439,-1.468617593,-1.540205704,-2.365024339,-1.923127017
102.1506498,-1.619409191,0.479168331,-3.37962483,0.000725848,0.007283351,ENSG00000112394,SLC16A10,protein_coding,solute carrier family 16 member 10 [Source:HGNC Symbol;Acc:HGNC:17027],640,no,-1.749612672,-2.058126857,-1.109824204,-0.324520385,-3.153740308,-1.446355877
465.5620623,-1.618752765,0.447323652,-3.618750668,0.000296029,0.003523967,ENSG00000107738,VSIR,protein_coding,V-set immunoregulatory receptor [Source:HGNC Symbol;Acc:HGNC:30085],641,no,-1.209256314,-3.6092274,-1.521261265,-1.071053146,-2.211830833,-0.292361778
764.1990218,-1.616082342,0.470528635,-3.434609973,0.000593407,0.006194661,ENSG00000106993,CDC37L1,protein_coding,cell division cycle 37 like 1 [Source:HGNC Symbol;Acc:HGNC:17179],642,no,-0.115746061,-1.532830861,-0.781174568,-3.869747971,-1.2979665,-2.333453122
447.4475703,-1.611710012,0.449582841,-3.584901075,0.000337206,0.003918,ENSG00000110446,SLC15A3,protein_coding,solute carrier family 15 member 3 [Source:HGNC Symbol;Acc:HGNC:18068],643,no,-1.126146768,-2.817915536,-1.584635725,-2.802709853,-1.491519912,0.230083696
3020.118354,-1.611579289,0.366315016,-4.399435513,1.09E-05,0.000222263,ENSG00000127241,MASP1,protein_coding,mannan binding lectin serine peptidase 1 [Source:HGNC Symbol;Acc:HGNC:6901],644,no,-1.451359472,-0.878036635,-2.09959203,-2.6586026,-0.639503554,-1.943237214
176.7506144,-1.608693018,0.448201589,-3.589217569,0.000331672,0.003868177,ENSG00000165591,FAAH2,protein_coding,fatty acid amide hydrolase 2 [Source:HGNC Symbol;Acc:HGNC:26440],645,no,0.168795677,-1.626015844,-2.060496492,-2.453934253,-1.256499883,-2.294479512
43002.64404,-1.607375872,0.439201543,-3.659768273,0.000252443,0.003117486,ENSG00000145321,GC,protein_coding,"GC, vitamin D binding protein [Source:HGNC Symbol;Acc:HGNC:4187]",646,no,0.056676526,-1.816866001,-1.675649492,-3.474992175,-2.002450648,-0.771115742
234.938255,-1.601340986,0.385148835,-4.157719931,3.21E-05,0.000547178,ENSG00000074935,TUBE1,protein_coding,tubulin epsilon 1 [Source:HGNC Symbol;Acc:HGNC:20775],647,no,-0.82822559,-0.993747629,-1.76165201,-2.286046237,-2.410394774,-1.305460982
1051.536104,-1.598454161,0.47829637,-3.34197427,0.000831848,0.008162309,ENSG00000136167,LCP1,protein_coding,lymphocyte cytosolic protein 1 [Source:HGNC Symbol;Acc:HGNC:6528],648,no,-1.111833473,-4.283852789,-1.125970329,-1.057320391,-2.167755671,-0.356570136
688.8746288,-1.596339957,0.326677771,-4.886588859,1.03E-06,2.97E-05,ENSG00000196843,ARID5A,protein_coding,AT-rich interaction domain 5A [Source:HGNC Symbol;Acc:HGNC:17361],649,no,-2.205122145,-0.824388901,-1.484656512,-1.919596521,-1.715051004,-1.4220334
144.3129096,-1.595928413,0.452593114,-3.526188009,0.000421588,0.004687727,ENSG00000154359,LONRF1,protein_coding,LON peptidase N-terminal domain and ring finger 1 [Source:HGNC Symbol;Acc:HGNC:26302],650,no,-0.946603221,-2.729877443,-0.766049133,-2.83484023,-0.982324919,-1.390928817
4754.693187,-1.59469527,0.415509083,-3.837931188,0.000124075,0.001735153,ENSG00000140093,SERPINA10,protein_coding,serpin family A member 10 [Source:HGNC Symbol;Acc:HGNC:15996],651,no,0.28820381,-1.523699334,-1.578047522,-1.678195971,-2.008208741,-2.931894108
2481.82247,-1.59282058,0.47603153,-3.346040083,0.000819745,0.008063947,ENSG00000123561,SERPINA7,protein_coding,serpin family A member 7 [Source:HGNC Symbol;Acc:HGNC:11583],652,no,-1.881675258,-1.812191427,0.441972683,-3.857929527,-0.965266236,-1.569600597
2466.033353,-1.592630357,0.422731345,-3.767476383,0.000164906,0.002195401,ENSG00000128641,MYO1B,protein_coding,myosin IB [Source:HGNC Symbol;Acc:HGNC:7596],653,no,-1.207867401,-0.618453354,-1.485206894,-3.508166952,-0.727805602,-2.194591691
150.0763043,-1.592596901,0.46643169,-3.41442688,0.000639163,0.006531754,ENSG00000185989,RASA3,protein_coding,RAS p21 protein activator 3 [Source:HGNC Symbol;Acc:HGNC:20331],654,no,-0.331401107,-2.509822827,-1.578344797,-2.953080914,-0.610849455,-1.635443135
524.3763975,-1.591646414,0.364461249,-4.367121111,1.26E-05,0.000248003,ENSG00000150787,PTS,protein_coding,6-pyruvoyltetrahydropterin synthase [Source:HGNC Symbol;Acc:HGNC:9689],655,no,-1.215237226,-1.447477713,-1.242422322,-2.978881779,-1.318021291,-1.436161957
271.3870331,-1.588665992,0.341505003,-4.651955246,3.29E-06,8.15E-05,ENSG00000182372,CLN8,protein_coding,"CLN8, transmembrane ER and ERGIC protein [Source:HGNC Symbol;Acc:HGNC:2079]",656,no,-0.85562956,-1.585929277,-1.968518169,-1.710022318,-1.988892747,-1.413820961
756.6391072,-1.588400066,0.456222906,-3.481631553,0.000498369,0.005342181,ENSG00000107902,LHPP,protein_coding,phospholysine phosphohistidine inorganic pyrophosphate phosphatase [Source:HGNC Symbol;Acc:HGNC:30042],657,no,-1.853646474,0.02739818,-3.792341474,-1.449875797,-1.224043671,-1.440643465
1165.70765,-1.58707674,0.478689187,-3.315463946,0.000914911,0.008777608,ENSG00000126231,PROZ,protein_coding,"protein Z, vitamin K dependent plasma glycoprotein [Source:HGNC Symbol;Acc:HGNC:9460]",658,no,-2.799411225,0.135448397,-2.269360528,-1.498349841,-2.965276711,2.22E-05
3484.29326,-1.586950542,0.46696913,-3.398405678,0.000677798,0.006872282,ENSG00000196177,ACADSB,protein_coding,acyl-CoA dehydrogenase short/branched chain [Source:HGNC Symbol;Acc:HGNC:91],659,no,-0.204668355,0.005285849,-1.851348783,-3.606869372,-2.156299602,-1.75325499
4115.398649,-1.584583529,0.369893213,-4.283894577,1.84E-05,0.000344716,ENSG00000169764,UGP2,protein_coding,UDP-glucose pyrophosphorylase 2 [Source:HGNC Symbol;Acc:HGNC:12527],660,no,-1.516435133,-0.09834017,-2.02271446,-1.960191316,-1.44098298,-2.375429494
1544.776575,-1.580749189,0.355197731,-4.450335832,8.57E-06,0.000183065,ENSG00000131910,NR0B2,protein_coding,nuclear receptor subfamily 0 group B member 2 [Source:HGNC Symbol;Acc:HGNC:7961],661,no,-0.885181906,-1.534867956,-1.609600691,-1.147013046,-2.889753449,-1.485491432
771.8453501,-1.576643442,0.428156372,-3.682400977,0.000231048,0.002902728,ENSG00000198478,SH3BGRL2,protein_coding,SH3 domain binding glutamate rich protein like 2 [Source:HGNC Symbol;Acc:HGNC:15567],662,no,-1.09536503,-0.700799435,-3.420392437,-2.127918527,-0.551206509,-1.731220349
275.7312357,-1.571410423,0.438452126,-3.583995444,0.000338378,0.003928677,ENSG00000165060,FXN,protein_coding,frataxin [Source:HGNC Symbol;Acc:HGNC:3951],663,no,-2.213324018,-0.309647275,-1.450926805,-2.813659397,-0.480764718,-2.134286021
17692.92077,-1.570698592,0.367759416,-4.270994898,1.95E-05,0.000359194,ENSG00000164733,CTSB,protein_coding,cathepsin B [Source:HGNC Symbol;Acc:HGNC:2527],664,no,-2.250018156,-1.729767253,-2.483420746,-1.685354859,-0.555253995,-0.696991883
3922.945713,-1.565645634,0.426511714,-3.670815089,0.000241778,0.00301698,ENSG00000003989,SLC7A2,protein_coding,solute carrier family 7 member 2 [Source:HGNC Symbol;Acc:HGNC:11060],665,no,0.23988406,-2.405119219,-1.569800421,-1.754014792,-2.886709008,-0.913380222
430.301528,-1.565044227,0.449118673,-3.484700862,0.000492688,0.005300061,ENSG00000117114,ADGRL2,protein_coding,adhesion G protein-coupled receptor L2 [Source:HGNC Symbol;Acc:HGNC:18582],666,no,-1.483660783,-3.95146271,-0.672871248,-1.478678569,-1.006618141,-1.220337393
408.7146616,-1.562133354,0.394532747,-3.959451693,7.51E-05,0.001126228,ENSG00000178425,NT5DC1,protein_coding,5'-nucleotidase domain containing 1 [Source:HGNC Symbol;Acc:HGNC:21556],667,no,-0.434565986,-1.710601177,-2.309223061,-2.423287952,-0.735203696,-1.743405668
428.3216291,-1.562020872,0.39632294,-3.94128301,8.10E-05,0.001198182,ENSG00000011295,TTC19,protein_coding,tetratricopeptide repeat domain 19 [Source:HGNC Symbol;Acc:HGNC:26006],668,no,-0.523054221,-0.754172196,-1.629824576,-2.82284045,-1.757216255,-1.901647289
1189.607441,-1.553680327,0.444572765,-3.494771721,0.000474467,0.00514686,ENSG00000117054,ACADM,protein_coding,acyl-CoA dehydrogenase medium chain [Source:HGNC Symbol;Acc:HGNC:89],669,no,-0.572754492,-0.895611106,-3.463338517,-1.477057711,-2.544003284,-0.567982379
440.0679913,-1.5526213,0.439429743,-3.533264019,0.000410462,0.00458719,ENSG00000158856,DMTN,protein_coding,dematin actin binding protein [Source:HGNC Symbol;Acc:HGNC:3382],670,no,-2.213414577,-3.490531488,-0.523131454,-0.949955731,-0.792963866,-1.651647011
1737.146589,-1.552581215,0.374047838,-4.150755753,3.31E-05,0.000562801,ENSG00000090006,LTBP4,protein_coding,latent transforming growth factor beta binding protein 4 [Source:HGNC Symbol;Acc:HGNC:6717],671,no,-1.749879975,-3.054123412,-1.145812958,-1.550040341,-1.150451423,-0.763198683
1223.731647,-1.543889498,0.444217877,-3.475523114,0.000509858,0.005450776,ENSG00000133315,MACROD1,protein_coding,MACRO domain containing 1 [Source:HGNC Symbol;Acc:HGNC:29598],672,no,-2.639265588,0.04325836,-2.998501266,-0.765479879,-1.933288333,-0.974518114
274.3535701,-1.53904365,0.466590186,-3.298491259,0.000972059,0.00920639,ENSG00000167895,TMC8,protein_coding,transmembrane channel like 8 [Source:HGNC Symbol;Acc:HGNC:20474],673,no,-0.620913207,-3.273855548,-0.156881028,-2.496860578,-1.087773432,-1.749401356
196.7359145,-1.535918063,0.379535729,-4.046833921,5.19E-05,0.000827389,ENSG00000185875,THNSL1,protein_coding,threonine synthase like 1 [Source:HGNC Symbol;Acc:HGNC:26160],674,no,-2.166417098,-0.519825795,-1.980860376,-1.473872027,-1.267226289,-1.783730813
2818.188868,-1.535397875,0.400365574,-3.834989754,0.00012557,0.001752387,ENSG00000135047,CTSL,protein_coding,cathepsin L [Source:HGNC Symbol;Acc:HGNC:2537],675,no,-1.146086413,-1.204060439,-1.89107712,-3.292204901,-1.35232155,-0.468275144
3088.327718,-1.534630674,0.455979507,-3.365569394,0.000763859,0.007596784,ENSG00000104325,DECR1,protein_coding,"2,4-dienoyl-CoA reductase 1 [Source:HGNC Symbol;Acc:HGNC:2753]",676,no,-1.461440108,0.609959549,-2.506296245,-3.043733505,-0.956147825,-1.680543691
449.0352081,-1.532465855,0.40835688,-3.752761197,0.000174897,0.002293018,ENSG00000150907,FOXO1,protein_coding,forkhead box O1 [Source:HGNC Symbol;Acc:HGNC:3819],677,no,-0.641689704,-1.878908619,-1.531568026,-2.470387067,-2.351108875,-0.265397935
3667.230814,-1.530911882,0.438906981,-3.488009868,0.00048663,0.005245805,ENSG00000100665,SERPINA4,protein_coding,serpin family A member 4 [Source:HGNC Symbol;Acc:HGNC:8948],678,no,-0.732864906,0.477376293,-2.230642302,-2.174659912,-2.713090519,-1.607661118
169.3551005,-1.530259945,0.458723966,-3.335905817,0.00085022,0.008300603,ENSG00000169499,PLEKHA2,protein_coding,pleckstrin homology domain containing A2 [Source:HGNC Symbol;Acc:HGNC:14336],679,no,-1.81943198,-2.379161366,-0.165018505,-0.540475316,-2.792552783,-1.508292158
952.2953138,-1.524151657,0.400107131,-3.809358887,0.000139328,0.001915662,ENSG00000145247,OCIAD2,protein_coding,OCIA domain containing 2 [Source:HGNC Symbol;Acc:HGNC:28685],680,no,-2.682184745,-2.63549221,-1.045310088,-1.453424556,-0.5208346,-0.882997503
398.9647979,-1.521040292,0.40911499,-3.717879639,0.000200902,0.002598834,ENSG00000119669,IRF2BPL,protein_coding,interferon regulatory factor 2 binding protein like [Source:HGNC Symbol;Acc:HGNC:14282],681,no,-0.582796015,-1.453493732,-2.092411672,-1.162110917,-3.048904463,-0.903239584
835.813306,-1.520847196,0.435559427,-3.491709972,0.000479939,0.005184478,ENSG00000101670,LIPG,protein_coding,"lipase G, endothelial type [Source:HGNC Symbol;Acc:HGNC:6623]",682,no,-2.036118644,-0.268454213,-3.363991372,-1.78117285,-0.586127502,-1.216569093
255.7634397,-1.520439415,0.401094912,-3.790722274,0.00015021,0.002022296,ENSG00000148700,ADD3,protein_coding,adducin 3 [Source:HGNC Symbol;Acc:HGNC:245],683,no,-1.698713069,-1.46735258,-1.566984934,-2.670079217,-1.512398107,-0.201780489
1369.885981,-1.520096414,0.452333926,-3.360562466,0.000777839,0.007700511,ENSG00000132510,KDM6B,protein_coding,lysine demethylase 6B [Source:HGNC Symbol;Acc:HGNC:29012],684,no,-0.995158845,-1.193964078,-0.245721411,-3.926383138,-1.427160015,-1.679391323
204.7737508,-1.512817279,0.365410279,-4.140051244,3.47E-05,0.000584826,ENSG00000132535,DLG4,protein_coding,discs large MAGUK scaffold protein 4 [Source:HGNC Symbol;Acc:HGNC:2903],685,no,-0.717432267,-1.828645011,-1.999434966,-1.098951877,-1.806415436,-1.634329515
722.4141695,-1.5123479,0.402743708,-3.755112423,0.000173264,0.002279299,ENSG00000139597,N4BP2L1,protein_coding,NEDD4 binding protein 2 like 1 [Source:HGNC Symbol;Acc:HGNC:25037],686,no,-1.076695419,-0.419396896,-1.742815368,-3.081318542,-1.832374511,-1.001276637
128.5087202,-1.504490208,0.458025961,-3.284726928,0.001020813,0.00953434,ENSG00000144648,ACKR2,protein_coding,atypical chemokine receptor 2 [Source:HGNC Symbol;Acc:HGNC:1565],687,no,-1.851660658,-1.125715741,-2.581547229,-2.281586589,-0.007472335,-1.199109001
2161.813516,-1.502827122,0.388308507,-3.87018851,0.000108751,0.001548757,ENSG00000120915,EPHX2,protein_coding,epoxide hydrolase 2 [Source:HGNC Symbol;Acc:HGNC:3402],688,no,-1.06819288,-0.452674561,-1.345397534,-2.720662654,-2.443678565,-1.033236747
174.0566611,-1.496869184,0.420407106,-3.560523036,0.000370117,0.004218299,ENSG00000161970,RPL26,protein_coding,ribosomal protein L26 [Source:HGNC Symbol;Acc:HGNC:10327],689,no,-1.511387839,-0.28281109,-2.288427097,-2.456166951,-1.415453766,-1.064544542
673.4080019,-1.493409939,0.422579079,-3.534036617,0.000409264,0.004580397,ENSG00000186654,PRR5,protein_coding,proline rich 5 [Source:HGNC Symbol;Acc:HGNC:31682],690,no,-1.652988702,-0.398969564,-0.781668503,-3.22303644,-0.980317378,-2.042967432
1052.455365,-1.489153879,0.365080736,-4.078971396,4.52E-05,0.00073221,ENSG00000028137,TNFRSF1B,protein_coding,TNF receptor superfamily member 1B [Source:HGNC Symbol;Acc:HGNC:11917],691,no,-0.580832099,-2.406763131,-1.714358702,-2.184490387,-1.142013187,-0.915998053
2765.894818,-1.488245701,0.406346342,-3.662505472,0.00024976,0.003092298,ENSG00000116016,EPAS1,protein_coding,endothelial PAS domain protein 1 [Source:HGNC Symbol;Acc:HGNC:3374],692,no,-0.350049703,-2.010839938,-0.263273743,-2.731988477,-1.542072562,-1.990530219
4535.740374,-1.473996133,0.412903888,-3.569828662,0.000357215,0.004096009,ENSG00000162882,HAAO,protein_coding,"3-hydroxyanthranilate 3,4-dioxygenase [Source:HGNC Symbol;Acc:HGNC:4796]",693,no,-2.090686138,-0.628293458,-1.951128426,-2.289316198,-1.998960268,0.286998464
7370.150027,-1.470564863,0.446160263,-3.296046256,0.000980559,0.009269922,ENSG00000185201,IFITM2,protein_coding,interferon induced transmembrane protein 2 [Source:HGNC Symbol;Acc:HGNC:5413],694,no,-0.182590156,-2.205451416,-0.236212944,-2.520502646,-0.774442114,-2.908573202
3025.418396,-1.468700028,0.430304388,-3.41316535,0.00064213,0.006553438,ENSG00000122490,PQLC1,protein_coding,PQ loop repeat containing 1 [Source:HGNC Symbol;Acc:HGNC:26188],695,no,-1.620346358,0.779462826,-2.600023528,-1.865097146,-1.520693545,-1.680224793
3008.956759,-1.46697979,0.379119466,-3.869439378,0.000109086,0.001552099,ENSG00000138029,HADHB,protein_coding,hydroxyacyl-CoA dehydrogenase trifunctional multienzyme complex subunit beta [Source:HGNC Symbol;Acc:HGNC:4803],696,no,-0.983565462,-0.567014133,-2.649536898,-2.390384932,-1.067502582,-1.200873174
2848.162245,-1.462934158,0.429512186,-3.406036445,0.000659134,0.006696161,ENSG00000168994,PXDC1,protein_coding,PX domain containing 1 [Source:HGNC Symbol;Acc:HGNC:21361],697,no,-1.654790457,-0.04204183,-1.533113512,-3.309533129,-0.582975639,-1.743058199
915.0221512,-1.462893195,0.403529671,-3.625243199,0.00028869,0.00346316,ENSG00000107566,ERLIN1,protein_coding,ER lipid raft associated 1 [Source:HGNC Symbol;Acc:HGNC:16947],698,no,-1.146396724,-0.69858447,-2.300098203,-2.885802655,-0.485486808,-1.341339356
1076.787275,-1.460294111,0.416514609,-3.505985332,0.00045492,0.004973048,ENSG00000168288,MMADHC,protein_coding,"methylmalonic aciduria and homocystinuria, cblD type [Source:HGNC Symbol;Acc:HGNC:25221]",699,no,-0.223352128,-1.204064237,-1.925041244,-3.124418948,-1.674215578,-0.694369706
345.1114216,-1.457865458,0.368259076,-3.958803876,7.53E-05,0.001127566,ENSG00000157349,DDX19B,protein_coding,DEAD-box helicase 19B [Source:HGNC Symbol;Acc:HGNC:2742],700,no,-0.704887013,-1.927117712,-2.09580336,-2.02806071,-0.773672294,-1.222142254
6648.739292,-1.457788452,0.336868555,-4.327469661,1.51E-05,0.000290853,ENSG00000104870,FCGRT,protein_coding,Fc fragment of IgG receptor and transporter [Source:HGNC Symbol;Acc:HGNC:3621],701,no,-1.989278526,-0.777844563,-2.276822536,-0.944480812,-1.696458045,-1.069727861
147.3369533,-1.448983976,0.423023219,-3.425306012,0.000614107,0.006342507,ENSG00000174010,KLHL15,protein_coding,kelch like family member 15 [Source:HGNC Symbol;Acc:HGNC:29347],702,no,-1.641142337,-0.630513728,-1.320856763,-2.821682617,-1.468735689,-0.881432918
1046.036319,-1.446904923,0.349471143,-4.1402701,3.47E-05,0.000584826,ENSG00000152078,TMEM56,protein_coding,transmembrane protein 56 [Source:HGNC Symbol;Acc:HGNC:26477],703,no,-1.326032297,-0.364804174,-1.411337279,-1.883231993,-1.398197968,-2.277149521
342.6215001,-1.446056971,0.405833545,-3.563177536,0.000366393,0.004182962,ENSG00000069702,TGFBR3,protein_coding,transforming growth factor beta receptor 3 [Source:HGNC Symbol;Acc:HGNC:11774],704,no,-0.992918413,-0.946194157,-0.520388227,-1.560251646,-1.797219545,-2.973312774
3501.67142,-1.444579364,0.421772851,-3.425017424,0.00061476,0.006345026,ENSG00000138030,KHK,protein_coding,ketohexokinase [Source:HGNC Symbol;Acc:HGNC:6315],705,no,-1.361914762,-1.285679328,-2.16337854,-1.871233723,-2.378177401,0.643526438
47599.70296,-1.443065949,0.432661047,-3.335326713,0.000851992,0.008312682,ENSG00000084674,APOB,protein_coding,apolipoprotein B [Source:HGNC Symbol;Acc:HGNC:603],706,no,-1.088979768,-0.247133917,-1.406581256,-3.23330472,-0.431518781,-2.376036322
663.7800548,-1.43540038,0.418053675,-3.433531306,0.000595773,0.006215182,ENSG00000163513,TGFBR2,protein_coding,transforming growth factor beta receptor 2 [Source:HGNC Symbol;Acc:HGNC:11773],707,no,0.376071495,-2.067582159,-1.692409407,-2.527184585,-1.40012814,-1.164768104
440.9636405,-1.435235974,0.405951624,-3.53548524,0.000407027,0.004565785,ENSG00000145439,CBR4,protein_coding,carbonyl reductase 4 [Source:HGNC Symbol;Acc:HGNC:25891],708,no,-1.174647349,0.111474271,-2.143965647,-1.202799696,-1.722521311,-2.403071779
453.9618472,-1.431984789,0.346444153,-4.133378436,3.57E-05,0.000599892,ENSG00000162576,MXRA8,protein_coding,matrix remodeling associated 8 [Source:HGNC Symbol;Acc:HGNC:7542],709,no,-1.024979439,-2.302439897,-1.729923506,-1.651625339,-0.945520199,-0.954297087
520.1315718,-1.431445281,0.397181785,-3.604005358,0.000313351,0.003682166,ENSG00000198805,PNP,protein_coding,purine nucleoside phosphorylase [Source:HGNC Symbol;Acc:HGNC:7892],710,no,-0.564160893,-2.289532311,-1.370556232,-1.812723494,-2.258780824,-0.266229782
792.6521534,-1.429412568,0.334158373,-4.277650006,1.89E-05,0.000351973,ENSG00000119537,KDSR,protein_coding,3-ketodihydrosphingosine reductase [Source:HGNC Symbol;Acc:HGNC:4021],711,no,-1.485919467,-1.057958131,-2.254268235,-1.838957704,-1.120394416,-0.850252628
3723.563591,-1.425416893,0.4325482,-3.295394344,0.000982837,0.009271691,ENSG00000163347,CLDN1,protein_coding,claudin 1 [Source:HGNC Symbol;Acc:HGNC:2032],712,no,0.016511711,-2.261650868,-1.914992672,-2.934206656,-0.423437699,-1.036562024
3786.418054,-1.423890671,0.421527233,-3.37793281,0.000730329,0.007323579,ENSG00000121691,CAT,protein_coding,catalase [Source:HGNC Symbol;Acc:HGNC:1516],713,no,-0.878032697,-0.092641962,-2.486597778,-2.177069832,-2.436803236,-0.445115
180.4404102,-1.420893421,0.429103845,-3.311304329,0.000928622,0.008853741,ENSG00000168918,INPP5D,protein_coding,inositol polyphosphate-5-phosphatase D [Source:HGNC Symbol;Acc:HGNC:6079],714,no,-1.459093149,-2.136995753,-0.466634409,-2.729230042,-0.625733692,-1.178038971
8141.632538,-1.416643951,0.383684102,-3.692214359,0.00022231,0.002807907,ENSG00000115255,REEP6,protein_coding,receptor accessory protein 6 [Source:HGNC Symbol;Acc:HGNC:30078],715,no,-1.590879042,-1.183657739,-2.830732864,-0.421593851,-0.658392006,-1.86676709
1192.552897,-1.416054439,0.403386467,-3.510416324,0.000447406,0.004908182,ENSG00000115594,IL1R1,protein_coding,interleukin 1 receptor type 1 [Source:HGNC Symbol;Acc:HGNC:5993],716,no,-0.295616334,-1.324655428,-1.149004677,-3.046136656,-0.865291222,-1.914884177
756.2104174,-1.41587587,0.406383923,-3.484084355,0.000493824,0.005304932,ENSG00000177469,CAVIN1,protein_coding,caveolae associated protein 1 [Source:HGNC Symbol;Acc:HGNC:9688],717,no,0.178731922,-2.475475538,-1.610053656,-2.189704488,-1.08882172,-1.232872982
527.9971187,-1.409105936,0.368868102,-3.820080748,0.000133408,0.001847027,ENSG00000147454,SLC25A37,protein_coding,solute carrier family 25 member 37 [Source:HGNC Symbol;Acc:HGNC:29786],718,no,-1.413843762,-0.555626517,-1.0476152,-2.131387992,-0.975947716,-2.349363705
575.3447661,-1.407922092,0.418630137,-3.363164686,0.000770544,0.007647795,ENSG00000171497,PPID,protein_coding,peptidylprolyl isomerase D [Source:HGNC Symbol;Acc:HGNC:9257],719,no,-0.989312553,0.38484016,-2.061801508,-2.437028194,-1.495402626,-1.704412478
1626.333737,-1.404598449,0.365673186,-3.841130557,0.000122469,0.001715781,ENSG00000100600,LGMN,protein_coding,legumain [Source:HGNC Symbol;Acc:HGNC:9472],720,no,-0.433496882,-1.766112407,-2.20780319,-2.142265857,-1.153721285,-0.715121177
1579.225362,-1.398561741,0.313874145,-4.455804224,8.36E-06,0.000179199,ENSG00000181061,HIGD1A,protein_coding,HIG1 hypoxia inducible domain family member 1A [Source:HGNC Symbol;Acc:HGNC:29527],721,no,-1.571479138,-1.418669365,-1.923029491,-1.72250272,-1.03278409,-0.720665119
248.3789562,-1.393187353,0.403871953,-3.449576885,0.000561466,0.005900903,ENSG00000115361,ACADL,protein_coding,acyl-CoA dehydrogenase long chain [Source:HGNC Symbol;Acc:HGNC:88],722,no,-2.836076763,-0.65332319,-1.42655123,-1.077076289,-1.747340206,-0.744088156
645.3257283,-1.384475647,0.362333885,-3.820994125,0.000132915,0.001843822,ENSG00000256043,CTSO,protein_coding,cathepsin O [Source:HGNC Symbol;Acc:HGNC:2542],723,no,-1.797377212,-0.532826647,-1.158462064,-2.282287777,-0.74875201,-1.787720688
409.0630927,-1.382261521,0.347538879,-3.977286011,6.97E-05,0.001057723,ENSG00000169490,TM2D2,protein_coding,TM2 domain containing 2 [Source:HGNC Symbol;Acc:HGNC:24127],724,no,-1.963154397,-1.301179607,-1.771155692,-1.424638729,-1.426424884,-0.392717482
78.70213773,-1.376827711,0.420564356,-3.273762244,0.001061259,0.009835175,ENSG00000104643,MTMR9,protein_coding,myotubularin related protein 9 [Source:HGNC Symbol;Acc:HGNC:14596],725,no,-1.647042939,-1.815013145,-0.916291769,-1.338957768,-0.817615641,-1.717056901
240.209287,-1.367046792,0.383481959,-3.564826871,0.000364096,0.004164974,ENSG00000189233,NUGGC,protein_coding,"nuclear GTPase, germinal center associated [Source:HGNC Symbol;Acc:HGNC:33550]",726,no,-1.389965988,-2.104519763,-0.41537785,-2.110474672,-0.955418573,-1.294141673
116.6754877,-1.365409781,0.416608365,-3.277442068,0.001047522,0.009748614,ENSG00000164867,NOS3,protein_coding,nitric oxide synthase 3 [Source:HGNC Symbol;Acc:HGNC:7876],727,no,-0.776810814,-1.974127871,-1.188029727,-1.501552273,-0.605834135,-2.194756366
355.1487987,-1.360293599,0.406605207,-3.345489867,0.000821374,0.008069736,ENSG00000120899,PTK2B,protein_coding,protein tyrosine kinase 2 beta [Source:HGNC Symbol;Acc:HGNC:9612],728,no,-2.230569207,-1.133055345,0.153771398,-2.186451474,-1.436478549,-1.257640235
5700.883554,-1.359770997,0.337685957,-4.026732435,5.66E-05,0.000885913,ENSG00000112306,RPS12,protein_coding,ribosomal protein S12 [Source:HGNC Symbol;Acc:HGNC:10385],729,no,-0.539671982,-1.442413418,-1.973344543,-2.126786499,-0.868313603,-1.209223624
275.161766,-1.353840665,0.370688524,-3.65223247,0.00025997,0.003194217,ENSG00000164117,FBXO8,protein_coding,F-box protein 8 [Source:HGNC Symbol;Acc:HGNC:13587],730,no,-0.450226764,-0.867394745,-1.939354362,-2.003946925,-1.614252946,-1.233510624
814.6355412,-1.348486843,0.363991805,-3.704717586,0.000211626,0.002703767,ENSG00000183617,MRPL54,protein_coding,mitochondrial ribosomal protein L54 [Source:HGNC Symbol;Acc:HGNC:16685],731,no,-0.557741607,-0.359229304,-1.960474653,-1.973843103,-1.544111098,-1.664297998
1352.33755,-1.335943147,0.362617795,-3.684163227,0.000229455,0.002886412,ENSG00000157379,DHRS1,protein_coding,dehydrogenase/reductase 1 [Source:HGNC Symbol;Acc:HGNC:16445],732,no,-2.111396756,-0.226433237,-0.84287036,-1.665839198,-1.990553881,-1.153033286
13338.14964,-1.33503763,0.355347224,-3.756994677,0.000171966,0.00226607,ENSG00000110651,CD81,protein_coding,CD81 molecule [Source:HGNC Symbol;Acc:HGNC:1701],733,no,-1.708714067,-1.249364925,-2.447348943,-0.265564756,-1.321434174,-1.024574253
313.419523,-1.326586702,0.348475506,-3.806829113,0.00014076,0.001930227,ENSG00000172059,KLF11,protein_coding,Kruppel like factor 11 [Source:HGNC Symbol;Acc:HGNC:11811],734,no,-1.214083531,-0.948269494,-1.012704393,-2.226545225,-1.011916329,-1.556405772
413.3220721,-1.319289868,0.379885772,-3.472859387,0.000514945,0.005486268,ENSG00000135597,REPS1,protein_coding,RALBP1 associated Eps domain containing 1 [Source:HGNC Symbol;Acc:HGNC:15578],735,no,-2.338920643,-1.289644827,-0.399702578,-1.866031531,-0.60993895,-1.42002675
602.2154696,-1.312456832,0.332387979,-3.948568888,7.86E-05,0.00116563,ENSG00000103150,MLYCD,protein_coding,malonyl-CoA decarboxylase [Source:HGNC Symbol;Acc:HGNC:7150],736,no,-1.561788663,-0.609358501,-1.818002864,-1.737507145,-0.810904916,-1.324624676
351.689128,-1.302520855,0.372530943,-3.496409844,0.000471564,0.00512611,ENSG00000105755,ETHE1,protein_coding,"ETHE1, persulfide dioxygenase [Source:HGNC Symbol;Acc:HGNC:23287]",737,no,-2.531368618,-0.59607856,-1.49493939,-1.336790542,-1.015902866,-0.899655732
360.5073047,-1.301424015,0.358686747,-3.628302488,0.000285291,0.003434696,ENSG00000180011,ZADH2,protein_coding,zinc binding alcohol dehydrogenase domain containing 2 [Source:HGNC Symbol;Acc:HGNC:28697],738,no,-1.084597874,-0.509579149,-1.845190816,-1.871104493,-1.725365318,-0.766758851
813.6296755,-1.286512016,0.32868494,-3.914119142,9.07E-05,0.001323756,ENSG00000144852,NR1I2,protein_coding,nuclear receptor subfamily 1 group I member 2 [Source:HGNC Symbol;Acc:HGNC:7968],739,no,-0.760224946,-1.274578057,-1.239936768,-1.930609278,-1.778706259,-0.734560649
382.8867701,-1.282254912,0.390411881,-3.284364474,0.001022126,0.009540871,ENSG00000183281,PLGLB1,protein_coding,plasminogen-like B1 [Source:HGNC Symbol;Acc:HGNC:9072],740,no,-0.485769807,-2.341501711,-0.272358246,-1.814286148,-1.400248262,-1.3860569
1477.467705,-1.273686738,0.375841512,-3.388893179,0.000701753,0.007073583,ENSG00000110046,ATG2A,protein_coding,autophagy related 2A [Source:HGNC Symbol;Acc:HGNC:29028],741,no,-2.080304197,-0.269322331,-0.455859621,-2.216920806,-1.254525481,-1.359904836
602.8937395,-1.269771917,0.302986286,-4.190856073,2.78E-05,0.000481884,ENSG00000147471,PLPBP,protein_coding,pyridoxal phosphate binding protein [Source:HGNC Symbol;Acc:HGNC:9457],742,no,-1.21053723,-1.236348,-1.288817225,-1.787164659,-0.875471276,-1.221080947
1243.563987,-1.268166752,0.377158454,-3.362424302,0.000772613,0.007663433,ENSG00000130312,MRPL34,protein_coding,mitochondrial ribosomal protein L34 [Source:HGNC Symbol;Acc:HGNC:14488],743,no,-1.189486168,-0.121134156,-2.55445159,-1.683037067,-1.142529119,-0.943088579
1122.186289,-1.256221408,0.376238112,-3.338899936,0.000841109,0.008227176,ENSG00000087074,PPP1R15A,protein_coding,protein phosphatase 1 regulatory subunit 15A [Source:HGNC Symbol;Acc:HGNC:14375],744,no,-0.316917691,-1.814360785,-0.575594186,-1.932085961,-0.753129057,-2.13252117
1534.897273,-1.226595699,0.328671712,-3.73197831,0.000189982,0.002469923,ENSG00000110063,DCPS,protein_coding,"decapping enzyme, scavenger [Source:HGNC Symbol;Acc:HGNC:29812]",745,no,-1.287246658,-1.86558197,-1.002152505,-1.839590641,-0.786769674,-0.598857612
804.1570489,-1.224078146,0.312270481,-3.919929098,8.86E-05,0.00129468,ENSG00000142552,RCN3,protein_coding,reticulocalbin 3 [Source:HGNC Symbol;Acc:HGNC:21145],746,no,-1.208120644,-1.090334247,-1.242432472,-1.859234543,-0.624987505,-1.321396208
44505.75317,-1.218848702,0.343916793,-3.544022066,0.000394072,0.004445628,ENSG00000172482,AGXT,protein_coding,alanine--glyoxylate and serine--pyruvate aminotransferase [Source:HGNC Symbol;Acc:HGNC:341],747,no,-0.568978861,-0.550714708,-2.312462144,-1.469014858,-1.406241384,-1.033349622
13101.47481,-1.215148663,0.366986464,-3.311153903,0.000929121,0.008853741,ENSG00000229117,RPL41,protein_coding,ribosomal protein L41 [Source:HGNC Symbol;Acc:HGNC:10354],748,no,-0.269248601,-1.072958817,-1.56292206,-2.106264986,-1.919023367,-0.345745113
416.2121874,-1.213755591,0.366210413,-3.31436668,0.00091851,0.008794938,ENSG00000069667,RORA,protein_coding,RAR related orphan receptor A [Source:HGNC Symbol;Acc:HGNC:10258],749,no,-1.228780509,-0.119642079,-1.577336272,-1.897937065,-0.798945551,-1.641194056
876.54013,-1.200021643,0.360688532,-3.327030213,0.000877769,0.008526659,ENSG00000088926,F11,protein_coding,coagulation factor XI [Source:HGNC Symbol;Acc:HGNC:3529],750,no,-0.389572694,-0.534252866,-0.917657034,-1.436302391,-2.05212705,-1.869046306
483.0689312,-1.19705784,0.339560907,-3.525311115,0.000422986,0.004696715,ENSG00000148572,NRBF2,protein_coding,nuclear receptor binding factor 2 [Source:HGNC Symbol;Acc:HGNC:19692],751,no,-0.256498232,-1.315013405,-1.519612042,-1.605346828,-0.983481388,-1.481312095
764.5726072,-1.192270579,0.364520456,-3.27079197,0.001072468,0.009921285,ENSG00000167705,RILP,protein_coding,Rab interacting lysosomal protein [Source:HGNC Symbol;Acc:HGNC:30266],752,no,-1.243797112,0.056712423,-1.888574893,-1.798493818,-1.333249375,-0.900214159
1882.94071,-1.1913987,0.341145223,-3.492350526,0.000478789,0.005179268,ENSG00000140526,ABHD2,protein_coding,abhydrolase domain containing 2 [Source:HGNC Symbol;Acc:HGNC:18717],753,no,-0.931186371,-0.726596117,-2.384987101,-1.390120434,-0.863862756,-0.911632037
243.6266643,-1.184362787,0.332821937,-3.558547842,0.000372911,0.004243912,ENSG00000110237,ARHGEF17,protein_coding,Rho guanine nucleotide exchange factor 17 [Source:HGNC Symbol;Acc:HGNC:21726],754,no,-0.622548377,-1.592715835,-1.158577553,-1.307710765,-1.32396285,-1.105925754
1283.335299,-1.168876674,0.327286198,-3.571420609,0.00035505,0.004076512,ENSG00000157514,TSC22D3,protein_coding,TSC22 domain family member 3 [Source:HGNC Symbol;Acc:HGNC:3051],755,no,-0.504108512,-0.807555676,-1.492011037,-1.79959967,-1.575954432,-0.837809937
3010.655881,-1.161312021,0.332284357,-3.494934367,0.000474178,0.00514686,ENSG00000133872,SARAF,protein_coding,store-operated calcium entry associated regulatory factor [Source:HGNC Symbol;Acc:HGNC:28789],756,no,-0.25882758,-1.025873292,-0.81069996,-1.846335869,-1.431919962,-1.580218589
2625.583695,-1.154725189,0.349529694,-3.303654047,0.000954335,0.00904957,ENSG00000166816,LDHD,protein_coding,lactate dehydrogenase D [Source:HGNC Symbol;Acc:HGNC:19708],757,no,-0.780898685,-0.21115724,-2.197772299,-1.317453229,-1.468169425,-0.961819073
616.3840331,-1.150059478,0.340169804,-3.380839407,0.000722648,0.007258202,ENSG00000085117,CD82,protein_coding,CD82 molecule [Source:HGNC Symbol;Acc:HGNC:6210],758,no,-0.945969208,-0.288719102,-1.470372286,-1.676240985,-1.6513595,-0.860391262
1436.541725,-1.145382324,0.329657668,-3.474459825,0.000511883,0.005468658,ENSG00000115042,FAHD2A,protein_coding,fumarylacetoacetate hydrolase domain containing 2A [Source:HGNC Symbol;Acc:HGNC:24252],759,no,-1.043138874,-0.805533488,-2.099822812,-1.284834919,-1.160266634,-0.500900533
603.2511648,-1.131857472,0.320895144,-3.527187904,0.000419999,0.004676928,ENSG00000138777,PPA2,protein_coding,pyrophosphatase (inorganic) 2 [Source:HGNC Symbol;Acc:HGNC:28883],760,no,-0.417522378,-1.003569538,-1.080745176,-1.587186364,-1.539384064,-1.153133812
1138.807742,-1.129831887,0.329257092,-3.431458013,0.000600346,0.006250283,ENSG00000137509,PRCP,protein_coding,prolylcarboxypeptidase [Source:HGNC Symbol;Acc:HGNC:9344],761,no,-1.336342099,-2.074355319,-0.830695904,-0.641356224,-0.755615203,-1.168940682
1942.865156,-1.117328089,0.336724346,-3.318227812,0.000905906,0.008701964,ENSG00000113269,RNF130,protein_coding,ring finger protein 130 [Source:HGNC Symbol;Acc:HGNC:18280],762,no,-0.421848762,-0.563063105,-1.176353316,-2.007228314,-1.525814602,-1.019469872
1009.658627,-1.084270088,0.297726407,-3.641833787,0.000270703,0.003306153,ENSG00000141401,IMPA2,protein_coding,inositol monophosphatase 2 [Source:HGNC Symbol;Acc:HGNC:6051],763,no,-0.685539651,-1.217440596,-1.28718905,-0.855127097,-1.516116928,-0.953857226
2253.295087,-1.057813525,0.285018918,-3.711380041,0.000206132,0.002648835,ENSG00000051108,HERPUD1,protein_coding,homocysteine inducible ER protein with ubiquitin like domain 1 [Source:HGNC Symbol;Acc:HGNC:13744],764,no,-0.943165683,-1.576150854,-1.000106592,-0.886197758,-1.071887993,-0.877863663
6781.547794,-1.005575213,0.300569548,-3.345565839,0.000821149,0.008069736,ENSG00000184232,OAF,protein_coding,out at first homolog [Source:HGNC Symbol;Acc:HGNC:28752],765,no,-1.270033534,-0.4014637,-0.780815861,-0.938188281,-1.554228283,-1.086703075
7770.340069,1.115465387,0.316746978,3.521629141,0.000428904,0.004738696,ENSG00000172270,BSG,protein_coding,basigin (Ok blood group) [Source:HGNC Symbol;Acc:HGNC:1116],154,no,1.016022699,0.854092462,0.983829645,0.853153647,2.138694176,0.886318718
1887.078277,1.127276926,0.294268552,3.830776068,0.00012774,0.001779985,ENSG00000198952,SMG5,protein_coding,"SMG5, nonsense mediated mRNA decay factor [Source:HGNC Symbol;Acc:HGNC:24644]",153,no,1.023169148,1.220019546,1.255850571,0.519284882,1.342334793,1.398840122
280.8093231,1.160273982,0.329572539,3.52054205,0.000430666,0.004751403,ENSG00000135775,COG2,protein_coding,component of oligomeric golgi complex 2 [Source:HGNC Symbol;Acc:HGNC:6546],152,no,1.296373533,1.56357619,1.385035037,0.61810325,0.942808926,1.152245598
570.6134191,1.191167074,0.331968171,3.588196633,0.000332973,0.003877526,ENSG00000100439,ABHD4,protein_coding,abhydrolase domain containing 4 [Source:HGNC Symbol;Acc:HGNC:20154],151,no,1.655496171,1.360227477,0.244216361,1.379714356,1.354038865,1.125227594
834.1696009,1.192614651,0.333388395,3.577253046,0.000347224,0.004010386,ENSG00000132694,ARHGEF11,protein_coding,Rho guanine nucleotide exchange factor 11 [Source:HGNC Symbol;Acc:HGNC:14580],150,no,1.294938321,1.454747298,2.037295744,0.777931722,0.528976585,1.070687266
264.3736053,1.216555254,0.336729055,3.612860948,0.000302837,0.003588197,ENSG00000152977,ZIC1,protein_coding,Zic family member 1 [Source:HGNC Symbol;Acc:HGNC:12872],149,no,0.625975556,1.530346707,1.319775589,0.944073546,1.372981285,1.513221412
1421.656712,1.220714843,0.33649231,3.627764461,0.000285886,0.003434835,ENSG00000143537,ADAM15,protein_coding,ADAM metallopeptidase domain 15 [Source:HGNC Symbol;Acc:HGNC:193],148,no,1.508765067,1.101449456,1.400543483,0.13852636,1.846451466,1.293572023
2420.487145,1.2216371,0.335506067,3.641177369,0.000271394,0.003310081,ENSG00000162889,MAPKAPK2,protein_coding,mitogen-activated protein kinase-activated protein kinase 2 [Source:HGNC Symbol;Acc:HGNC:6887],147,no,1.746675839,1.10068994,1.966526682,0.56176245,0.561235809,1.395485563
128.0084855,1.225447526,0.367570333,3.333913042,0.000856334,0.008344555,ENSG00000133059,DSTYK,protein_coding,dual serine/threonine and tyrosine protein kinase [Source:HGNC Symbol;Acc:HGNC:29043],146,no,1.558965869,1.240840089,0.759326035,1.049027234,1.502492018,1.263179844
753.2387548,1.252487222,0.317023795,3.950767236,7.79E-05,0.001156079,ENSG00000163348,PYGO2,protein_coding,pygopus family PHD finger 2 [Source:HGNC Symbol;Acc:HGNC:30257],145,no,0.589577844,1.813506774,1.543100599,1.032647114,1.295612469,1.236639855
162.7349771,1.260241672,0.377522079,3.338193292,0.000843251,0.008238131,ENSG00000165185,KIAA1958,protein_coding,KIAA1958 [Source:HGNC Symbol;Acc:HGNC:23427],144,no,0.693108915,1.34483781,1.54467923,1.475278563,0.592434143,1.894074246
1105.366311,1.26923786,0.36074828,3.518347646,0.000434243,0.004784071,ENSG00000102125,TAZ,protein_coding,tafazzin [Source:HGNC Symbol;Acc:HGNC:11577],143,no,0.712569632,2.311147002,1.494002866,1.166757982,1.625116689,0.306420695
414.7904471,1.272043806,0.336623405,3.778833514,0.000157565,0.002108515,ENSG00000117153,KLHL12,protein_coding,kelch like family member 12 [Source:HGNC Symbol;Acc:HGNC:19360],142,no,2.094699187,1.549983671,1.122351938,1.081133914,0.778689546,1.012529163
950.5980657,1.277494342,0.32081359,3.982045588,6.83E-05,0.001039808,ENSG00000135862,LAMC1,protein_coding,laminin subunit gamma 1 [Source:HGNC Symbol;Acc:HGNC:6492],141,no,0.541221653,1.243278914,1.746239381,0.982380308,1.41183608,1.734113374
247.5555548,1.286698474,0.392388478,3.279144388,0.001041223,0.009698443,ENSG00000184678,HIST2H2BE,protein_coding,histone cluster 2 H2B family member e [Source:HGNC Symbol;Acc:HGNC:4760],140,no,1.967294164,0.761563659,0.481557418,2.162020063,0.718299563,1.608727381
634.0158166,1.293078878,0.372876053,3.467851762,0.000524637,0.005562796,ENSG00000109066,TMEM104,protein_coding,transmembrane protein 104 [Source:HGNC Symbol;Acc:HGNC:25984],139,no,1.00092936,1.454752629,0.205729719,2.384972863,1.008705622,1.689955711
795.5205567,1.29888254,0.34277865,3.789274912,0.000151088,0.002032351,ENSG00000141858,SAMD1,protein_coding,sterile alpha motif domain containing 1 [Source:HGNC Symbol;Acc:HGNC:17958],138,no,0.770042389,0.788883986,2.070233803,1.253564538,1.972778924,0.961221364
617.2569576,1.30082032,0.392665479,3.312795218,0.000923686,0.008823616,ENSG00000044090,CUL7,protein_coding,cullin 7 [Source:HGNC Symbol;Acc:HGNC:21024],137,no,0.471351762,1.439604239,2.334313925,0.558022676,2.281059749,0.755696096
292.9193759,1.335488761,0.370723064,3.602389201,0.000315306,0.003702339,ENSG00000112312,GMNN,protein_coding,"geminin, DNA replication inhibitor [Source:HGNC Symbol;Acc:HGNC:17493]",136,no,1.106601397,1.80801183,1.797110409,0.555982946,0.713691308,2.008473228
1357.463347,1.338098753,0.396200977,3.377323204,0.00073195,0.00733036,ENSG00000169174,PCSK9,protein_coding,proprotein convertase subtilisin/kexin type 9 [Source:HGNC Symbol;Acc:HGNC:20001],135,no,1.030365811,1.366604625,0.07779849,1.331510583,1.352350207,2.92736757
1288.42127,1.339198246,0.37443788,3.576556537,0.00034815,0.004018092,ENSG00000169241,SLC50A1,protein_coding,solute carrier family 50 member 1 [Source:HGNC Symbol;Acc:HGNC:30657],134,no,0.771305774,2.24556704,1.998528884,0.106401871,1.504504723,1.375965466
755.2771004,1.34597432,0.370986303,3.628097075,0.000285518,0.003434696,ENSG00000132196,HSD17B7,protein_coding,hydroxysteroid 17-beta dehydrogenase 7 [Source:HGNC Symbol;Acc:HGNC:5215],133,no,2.140475568,1.305545779,1.26026673,0.371948268,0.764258678,2.243837701
2639.103393,1.355921693,0.311820528,4.348404194,1.37E-05,0.000266754,ENSG00000160685,ZBTB7B,protein_coding,zinc finger and BTB domain containing 7B [Source:HGNC Symbol;Acc:HGNC:18668],132,no,2.18822151,1.524797302,1.305906232,1.111941961,1.077643263,0.945261039
197.0197976,1.363189792,0.397683521,3.427825692,0.000608436,0.006304908,ENSG00000163918,RFC4,protein_coding,replication factor C subunit 4 [Source:HGNC Symbol;Acc:HGNC:9972],131,no,0.307153372,1.184310644,1.806957704,1.835623596,0.847994285,2.148212251
262.4584636,1.373411482,0.404350433,3.39658714,0.000682318,0.006913594,ENSG00000168496,FEN1,protein_coding,flap structure-specific endonuclease 1 [Source:HGNC Symbol;Acc:HGNC:3650],130,no,1.551013498,1.992341777,0.461981879,0.511814951,1.279050424,2.456602027
946.4331345,1.377844419,0.378759222,3.637784476,0.000274993,0.003337547,ENSG00000080573,COL5A3,protein_coding,collagen type V alpha 3 chain [Source:HGNC Symbol;Acc:HGNC:14864],129,no,0.979739738,2.647432229,0.251081669,1.593916031,1.532285245,1.269220183
253.8910157,1.378042954,0.36271096,3.79928678,0.000145113,0.001972496,ENSG00000105738,SIPA1L3,protein_coding,signal induced proliferation associated 1 like 3 [Source:HGNC Symbol;Acc:HGNC:23801],128,no,0.810237009,1.744359025,0.555956295,1.833252691,1.675481694,1.625082009
1124.627876,1.407972316,0.360944994,3.900794694,9.59E-05,0.001387051,ENSG00000072274,TFRC,protein_coding,transferrin receptor [Source:HGNC Symbol;Acc:HGNC:11763],127,no,2.121739863,1.277186564,0.403961226,0.781820999,1.834648005,2.017708933
2112.721006,1.447152825,0.360107678,4.018666948,5.85E-05,0.000914019,ENSG00000071859,FAM50A,protein_coding,family with sequence similarity 50 member A [Source:HGNC Symbol;Acc:HGNC:18786],126,no,1.251501464,2.202207678,1.674573026,0.501341637,2.253309006,0.793323794
250.2770667,1.479011375,0.418282661,3.535913662,0.000406367,0.004565785,ENSG00000139190,VAMP1,protein_coding,vesicle associated membrane protein 1 [Source:HGNC Symbol;Acc:HGNC:12642],125,no,0.868566281,0.9748882,0.548511483,1.43130864,2.557086993,2.57132228
101.9564877,1.484354965,0.453095796,3.276028992,0.001052778,0.009779932,ENSG00000213865,C8orf44,protein_coding,chromosome 8 open reading frame 44 [Source:HGNC Symbol;Acc:HGNC:25646],124,no,0.707306634,2.375986508,1.340575488,1.581208286,2.4539935,0.543414991
9980.158469,1.496726101,0.426730189,3.507429613,0.000452458,0.004949617,ENSG00000176046,NUPR1,protein_coding,"nuclear protein 1, transcriptional regulator [Source:HGNC Symbol;Acc:HGNC:29990]",123,no,1.356400483,1.61503026,0.848134421,3.570737913,0.222234133,1.575847243
1041.733615,1.499466081,0.339608227,4.415281974,1.01E-05,0.000210475,ENSG00000101986,ABCD1,protein_coding,ATP binding cassette subfamily D member 1 [Source:HGNC Symbol;Acc:HGNC:61],122,no,0.876657478,1.795566173,1.422681485,1.724994551,2.350157689,0.832200801
628.5561559,1.535148276,0.427430448,3.591574449,0.000328686,0.003836238,ENSG00000179456,ZBTB18,protein_coding,zinc finger and BTB domain containing 18 [Source:HGNC Symbol;Acc:HGNC:13030],121,no,0.723559003,2.968400001,1.089627481,2.644990094,0.40057609,1.461742051
198.5442826,1.54011452,0.443989944,3.468804965,0.000522779,0.005550681,ENSG00000146733,PSPH,protein_coding,phosphoserine phosphatase [Source:HGNC Symbol;Acc:HGNC:9577],120,no,1.0769836,2.016624932,-0.228733143,2.353364048,1.509034864,2.332217646
123.2434943,1.572187033,0.479741911,3.277151731,0.0010486,0.009752797,ENSG00000154429,CCSAP,protein_coding,"centriole, cilia and spindle associated protein [Source:HGNC Symbol;Acc:HGNC:29578]",119,no,1.3738829,0.139518902,2.457752339,1.923932014,0.661037957,2.870084898
340.5131887,1.582344078,0.355588967,4.449924555,8.59E-06,0.000183164,ENSG00000094975,SUCO,protein_coding,SUN domain containing ossification factor [Source:HGNC Symbol;Acc:HGNC:1240],118,no,2.0769836,0.863550713,2.066905975,0.921027989,1.9096924,1.664391189
118.037688,1.583107965,0.476317942,3.32363706,0.000888517,0.008604153,ENSG00000137812,KNL1,protein_coding,kinetochore scaffold 1 [Source:HGNC Symbol;Acc:HGNC:24054],117,no,-0.206470347,1.419282502,1.321626385,2.547414576,2.36240995,2.016495498
234.630107,1.588538948,0.408711335,3.886701478,0.000101616,0.00145649,ENSG00000141577,CEP131,protein_coding,centrosomal protein 131 [Source:HGNC Symbol;Acc:HGNC:29511],116,no,0.574943718,2.113167575,0.98711139,1.079252602,2.511209235,2.277922842
277.100024,1.597322646,0.393461525,4.059666684,4.91E-05,0.000788062,ENSG00000205269,TMEM170B,protein_coding,transmembrane protein 170B [Source:HGNC Symbol;Acc:HGNC:34244],115,no,1.621714497,1.47185422,1.990129581,2.484226428,0.239027535,1.718081804
397.0875477,1.601677632,0.379669828,4.218606576,2.46E-05,0.000437092,ENSG00000160767,FAM189B,protein_coding,family with sequence similarity 189 member B [Source:HGNC Symbol;Acc:HGNC:1233],114,no,0.580669815,1.88530085,0.91896273,2.155778731,2.475878442,1.588519444
436.9633662,1.612161671,0.455931648,3.535972282,0.000406277,0.004565785,ENSG00000059588,TARBP1,protein_coding,TAR (HIV-1) RNA binding protein 1 [Source:HGNC Symbol;Acc:HGNC:11568],113,no,1.451446925,2.928189261,2.910478488,0.213608951,1.721870101,0.440673651
321.6143963,1.634969735,0.427150573,3.827619201,0.000129389,0.001801346,ENSG00000156504,FAM122B,protein_coding,family with sequence similarity 122B [Source:HGNC Symbol;Acc:HGNC:30490],112,no,1.338798998,0.506252931,2.690144039,0.582401783,2.517940417,2.189007961
158.7083663,1.636367689,0.496626303,3.294967826,0.000984329,0.009271691,ENSG00000184445,KNTC1,protein_coding,kinetochore associated 1 [Source:HGNC Symbol;Acc:HGNC:17255],111,no,0.515406942,0.219500073,2.519229361,1.450919357,1.720416504,3.476345696
332.4429045,1.638190746,0.389335915,4.207653804,2.58E-05,0.00045311,ENSG00000112144,ICK,protein_coding,intestinal cell kinase [Source:HGNC Symbol;Acc:HGNC:21219],110,no,2.254932167,2.616671339,1.692346847,0.782792639,1.684905463,0.794482212
2405.395585,1.642288332,0.432084322,3.80085147,0.0001442,0.001965243,ENSG00000104419,NDRG1,protein_coding,N-myc downstream regulated 1 [Source:HGNC Symbol;Acc:HGNC:7679],109,no,0.727605836,1.128708355,3.645810279,2.218477241,0.633087855,1.701486817
101.2025251,1.644787147,0.501029826,3.282812842,0.001027769,0.009587773,ENSG00000198208,RPS6KL1,protein_coding,ribosomal protein S6 kinase like 1 [Source:HGNC Symbol;Acc:HGNC:20222],108,no,1.006091065,2.113298295,0.059797742,1.375241898,2.139085254,3.312089445
572.0435231,1.663325401,0.446047027,3.729035955,0.000192214,0.002496848,ENSG00000204371,EHMT2,protein_coding,euchromatic histone lysine methyltransferase 2 [Source:HGNC Symbol;Acc:HGNC:14129],107,no,0.406137099,3.213838117,1.801242067,1.092952043,2.806310375,0.740183097
1326.685462,1.66407963,0.426110162,3.905280323,9.41E-05,0.001366666,ENSG00000178038,ALS2CL,protein_coding,ALS2 C-terminal like [Source:HGNC Symbol;Acc:HGNC:20605],106,no,0.929052324,1.924513159,2.606401769,2.914532446,1.522884116,0.011365842
151.9841995,1.692953965,0.418069855,4.04945237,5.13E-05,0.00081987,ENSG00000243364,EFNA4,protein_coding,ephrin A4 [Source:HGNC Symbol;Acc:HGNC:3224],105,no,1.73002671,2.839233101,1.194833854,0.900654477,2.317364909,1.241386453
169.5132676,1.705044374,0.391723099,4.352677644,1.34E-05,0.000262592,ENSG00000106268,NUDT1,protein_coding,nudix hydrolase 1 [Source:HGNC Symbol;Acc:HGNC:8048],104,no,1.254244951,1.530961168,2.318015132,1.435038557,1.101456521,2.604871194
79.49478729,1.707497674,0.517335972,3.300558565,0.000964926,0.009144409,ENSG00000186827,TNFRSF4,protein_coding,TNF receptor superfamily member 4 [Source:HGNC Symbol;Acc:HGNC:11918],103,no,1.531760214,1.387789955,2.335813799,0.00207915,3.395576814,1.745048852
106.8573828,1.710762307,0.454374088,3.765096541,0.000166485,0.00220884,ENSG00000014138,POLA2,protein_coding,"DNA polymerase alpha 2, accessory subunit [Source:HGNC Symbol;Acc:HGNC:30073]",102,no,0.317333152,1.216962987,2.766020687,2.012099737,1.843035791,2.055388973
186.6677069,1.723336076,0.369546763,4.663377548,3.11E-06,7.76E-05,ENSG00000128298,BAIAP2L2,protein_coding,BAI1 associated protein 2 like 2 [Source:HGNC Symbol;Acc:HGNC:26203],101,no,1.653511505,1.559850701,1.167455455,2.377032954,2.229439538,1.356483564
834.4917512,1.724700231,0.52067438,3.312435369,0.000924875,0.008829541,ENSG00000130300,PLVAP,protein_coding,plasmalemma vesicle associated protein [Source:HGNC Symbol;Acc:HGNC:13635],100,no,4.192882541,0.281923603,3.114118299,0.162930568,1.739985633,1.172058993
325.5079755,1.749959865,0.437909349,3.996169223,6.44E-05,0.000992358,ENSG00000125459,MSTO1,protein_coding,"misato 1, mitochondrial distribution and morphology regulator [Source:HGNC Symbol;Acc:HGNC:29678]",99,no,1.148301004,2.481462802,2.9650386,0.283113573,2.422090139,1.200052759
377.6105948,1.751789957,0.369287756,4.743698997,2.10E-06,5.58E-05,ENSG00000188707,ZBED6CL,protein_coding,ZBED6 C-terminal like [Source:HGNC Symbol;Acc:HGNC:21720],98,no,1.126873792,1.784348034,1.319472215,2.847590616,2.059404425,1.398553536
221.0205132,1.76657723,0.426713295,4.139962948,3.47E-05,0.000584826,ENSG00000254827,SLC22A18AS,protein_coding,solute carrier family 22 member 18 antisense [Source:HGNC Symbol;Acc:HGNC:10965],97,no,2.141686881,2.15586839,1.144972627,0.494478825,3.065428212,1.683305502
295.3854453,1.769124147,0.493736982,3.583130721,0.000339501,0.003935824,ENSG00000144485,HES6,protein_coding,hes family bHLH transcription factor 6 [Source:HGNC Symbol;Acc:HGNC:18254],96,no,0.907058598,1.927155589,0.323680044,4.134945648,1.269568929,2.302649749
965.9049413,1.771021911,0.351116264,5.043975728,4.56E-07,1.50E-05,ENSG00000162522,KIAA1522,protein_coding,KIAA1522 [Source:HGNC Symbol;Acc:HGNC:29301],95,no,1.162867688,1.602375317,1.57442376,2.417997895,2.702674104,1.186238639
449.5551453,1.795204877,0.412944903,4.347323006,1.38E-05,0.000267736,ENSG00000185633,NDUFA4L2,protein_coding,"NDUFA4, mitochondrial complex associated like 2 [Source:HGNC Symbol;Acc:HGNC:29836]",94,no,2.408239497,0.899942462,3.131821852,1.886540564,1.818161122,0.633155972
142.2038316,1.803170307,0.497379916,3.625337991,0.000288584,0.00346316,ENSG00000260428,SCX,protein_coding,scleraxis bHLH transcription factor [Source:HGNC Symbol;Acc:HGNC:32322],93,no,1.323173592,3.271859361,2.280047281,2.406469405,1.577490166,-0.282857144
165.4149826,1.804677896,0.523834286,3.445131305,0.000570782,0.005982613,ENSG00000162769,FLVCR1,protein_coding,feline leukemia virus subgroup C cellular receptor 1 [Source:HGNC Symbol;Acc:HGNC:24682],92,no,1.538563685,1.490916069,4.316197407,0.207493236,1.017361554,2.68292714
312.3130284,1.848383834,0.48566377,3.805891954,0.000141294,0.001935841,ENSG00000160957,RECQL4,protein_coding,RecQ like helicase 4 [Source:HGNC Symbol;Acc:HGNC:9949],91,no,-0.392753561,2.580071004,2.102911365,1.033470989,3.336455409,2.200444089
88.50122705,1.850234098,0.532051968,3.477543941,0.00050603,0.00541358,ENSG00000198944,SOWAHA,protein_coding,sosondowah ankyrin repeat domain family member A [Source:HGNC Symbol;Acc:HGNC:27033],90,no,-0.190185264,3.059083328,2.367365048,1.564612469,1.251647021,2.924708288
1700.257317,1.889283703,0.442484767,4.269714672,1.96E-05,0.000360833,ENSG00000146039,SLC17A4,protein_coding,solute carrier family 17 member 4 [Source:HGNC Symbol;Acc:HGNC:10932],89,no,1.66607788,4.244440969,1.550215379,1.878965283,0.680892801,1.654600004
81.79720739,1.911606811,0.528708525,3.61561564,0.000299635,0.003561431,ENSG00000104953,TLE6,protein_coding,transducin like enhancer of split 6 [Source:HGNC Symbol;Acc:HGNC:30788],88,no,0.720688846,2.5736565,2.549599292,2.400521306,2.942808926,0.258650186
89.89366252,1.92824002,0.589865087,3.268950925,0.00107947,0.009980117,ENSG00000147883,CDKN2B,protein_coding,cyclin dependent kinase inhibitor 2B [Source:HGNC Symbol;Acc:HGNC:1788],87,no,2.468434279,-0.751177326,4.053989523,1.648334975,2.598406969,1.406524247
190.6912491,1.92948232,0.513612369,3.756689747,0.000172176,0.002266907,ENSG00000116852,KIF21B,protein_coding,kinesin family member 21B [Source:HGNC Symbol;Acc:HGNC:29442],86,no,-0.108796937,1.966939447,3.704713482,0.806715272,2.590889701,2.558635728
84.81689366,1.968027192,0.467775652,4.207203139,2.59E-05,0.000453501,ENSG00000182134,TDRKH,protein_coding,tudor and KH domain containing [Source:HGNC Symbol;Acc:HGNC:11713],85,no,1.915893256,1.682533221,3.408272991,0.966099853,1.834102666,2.212553771
297.8754953,1.971667504,0.448619874,4.394962456,1.11E-05,0.000226292,ENSG00000123080,CDKN2C,protein_coding,cyclin dependent kinase inhibitor 2C [Source:HGNC Symbol;Acc:HGNC:1789],84,no,1.181845145,1.30686996,2.917360625,1.375799354,1.461100387,3.728628969
97.55948075,2.007033578,0.515499827,3.893373915,9.89E-05,0.00142356,ENSG00000162063,CCNF,protein_coding,cyclin F [Source:HGNC Symbol;Acc:HGNC:1591],83,no,0.433877057,0.89183246,2.277198919,2.28319803,2.417271885,3.552403774
144.3738902,2.022461135,0.608608126,3.323092556,0.000890254,0.008610223,ENSG00000204335,SP5,protein_coding,Sp5 transcription factor [Source:HGNC Symbol;Acc:HGNC:14529],82,no,2.51618741,3.809803217,-1.073170322,3.626906111,2.208694292,0.517020896
55.26880851,2.023020701,0.505869761,3.99909395,6.36E-05,0.000982126,ENSG00000125319,C17orf53,protein_coding,chromosome 17 open reading frame 53 [Source:HGNC Symbol;Acc:HGNC:28460],81,no,1.259847657,1.398569794,3.134798165,1.828596329,1.965892539,2.490007237
1119.735468,2.034207029,0.446837328,4.55245545,5.30E-06,0.000121938,ENSG00000117632,STMN1,protein_coding,stathmin 1 [Source:HGNC Symbol;Acc:HGNC:6510],80,no,1.41530907,0.198673689,1.863747671,2.459123911,2.489454495,3.745670034
146.9174862,2.040337742,0.592763384,3.442077897,0.000577264,0.006042393,ENSG00000188897,AC099489.1,protein_coding,vitellogenin [Source:NCBI gene;Acc:400499],79,no,-1.403117356,2.088229673,3.596256692,2.835623596,2.033006735,2.160086351
111.6351577,2.057425699,0.574403777,3.5818457,0.000341175,0.003949339,ENSG00000178999,AURKB,protein_coding,aurora kinase B [Source:HGNC Symbol;Acc:HGNC:11390],78,no,-0.647042939,1.337458279,1.928007869,3.686577324,2.198065981,3.479052032
60.51563053,2.065761004,0.586585247,3.52167228,0.000428834,0.004738696,ENSG00000135622,SEMA4F,protein_coding,ssemaphorin 4F [Source:HGNC Symbol;Acc:HGNC:10734],77,no,1.710509066,-0.525252868,3.013043973,2.487700292,2.945133979,2.431113548
198.0858921,2.077873621,0.444983526,4.669551793,3.02E-06,7.57E-05,ENSG00000139438,FAM222A,protein_coding,family with sequence similarity 222 member A [Source:HGNC Symbol;Acc:HGNC:25915],76,no,2.584874991,2.181339078,0.236978559,1.833143118,2.40949919,3.068082037
61.4935276,2.116711409,0.554493306,3.817379552,0.000134877,0.001861057,ENSG00000119969,HELLS,protein_coding,"helicase, lymphoid specific [Source:HGNC Symbol;Acc:HGNC:4861]",75,no,1.41185075,0.230248678,2.423703032,2.495536132,3.639664306,2.4577669
88.23023702,2.130310032,0.565512966,3.767040122,0.000165194,0.002197355,ENSG00000113319,RASGRF2,protein_coding,Ras protein specific guanine nucleotide releasing factor 2 [Source:HGNC Symbol;Acc:HGNC:9876],74,no,2.693263686,1.169513642,5.080515818,1.888338413,0.874744651,1.793028881
618.9318819,2.138754527,0.46413317,4.608062225,4.06E-06,9.72E-05,ENSG00000225697,SLC26A6,protein_coding,solute carrier family 26 member 6 [Source:HGNC Symbol;Acc:HGNC:14472],73,no,-0.44375934,2.69544679,2.091151214,2.325102602,2.501185385,3.195643993
74.68178773,2.18108772,0.662518651,3.292115197,0.000994369,0.009337922,ENSG00000143061,IGSF3,protein_coding,immunoglobulin superfamily member 3 [Source:HGNC Symbol;Acc:HGNC:5950],72,no,2.283694399,-1.555626517,1.705038255,4.505367141,2.068527451,3.285617233
65.24072211,2.194714221,0.664215981,3.304217729,0.000952418,0.009042281,ENSG00000278828,HIST1H3H,protein_coding,histone cluster 1 H3 family member h [Source:HGNC Symbol;Acc:HGNC:4775],71,no,1.31534277,2.822885107,0.132148586,0.651892795,3.790805832,4.967441273
526.5738233,2.208906974,0.449559626,4.913490545,8.95E-07,2.66E-05,ENSG00000131242,RAB11FIP4,protein_coding,RAB11 family interacting protein 4 [Source:HGNC Symbol;Acc:HGNC:30267],70,no,3.084809732,1.790678508,1.32081015,0.82577581,2.366907471,3.929656611
569.7259763,2.214484087,0.589184061,3.758560752,0.000170894,0.002259609,ENSG00000081051,AFP,protein_coding,alpha fetoprotein [Source:HGNC Symbol;Acc:HGNC:317],69,no,5.081186808,2.559850701,1.303038924,-0.176421746,0.990810171,3.814801931
97.90567058,2.241573343,0.565405235,3.964542956,7.35E-05,0.001107187,ENSG00000137135,ARHGEF39,protein_coding,Rho guanine nucleotide exchange factor 39 [Source:HGNC Symbol;Acc:HGNC:25909],68,no,0.198447112,2.309443903,2.330593628,1.837585112,2.093084555,4.897051946
48.80548077,2.241794571,0.643921658,3.481470988,0.000498668,0.005342181,ENSG00000088305,DNMT3B,protein_coding,DNA methyltransferase 3 beta [Source:HGNC Symbol;Acc:HGNC:2979],67,no,0.134316775,1.737155233,4.720863222,2.82577581,2.93989733,1.352731429
130.1570457,2.269050384,0.644307488,3.521688674,0.000428807,0.004738696,ENSG00000183111,ARHGEF37,protein_coding,Rho guanine nucleotide exchange factor 37 [Source:HGNC Symbol;Acc:HGNC:34430],66,no,-1.155189842,3.045017606,0.807713636,4.226912492,4.148483952,1.995966972
72.29387452,2.282864734,0.64215021,3.555032296,0.000377933,0.004294765,ENSG00000113810,SMC4,protein_coding,structural maintenance of chromosomes 4 [Source:HGNC Symbol;Acc:HGNC:14013],65,no,2.779221816,-0.555626517,3.851669046,0.78404989,3.634271048,2.93658031
3150.287909,2.305221421,0.576364288,3.999591005,6.35E-05,0.000981042,ENSG00000110492,MDK,protein_coding,midkine [Source:HGNC Symbol;Acc:HGNC:6972],64,no,5.161754845,1.767456813,0.388981653,1.307791202,1.276932317,4.665412736
183.901835,2.319822827,0.474717209,4.886746853,1.03E-06,2.97E-05,ENSG00000143630,HCN3,protein_coding,hyperpolarization activated cyclic nucleotide gated potassium channel 3 [Source:HGNC Symbol;Acc:HGNC:19183],63,no,1.146190875,3.959730517,1.210490038,2.827092738,1.832309384,3.064685135
74.22635121,2.336999097,0.532642144,4.387559497,1.15E-05,0.000231548,ENSG00000164109,MAD2L1,protein_coding,mitotic arrest deficient 2 like 1 [Source:HGNC Symbol;Acc:HGNC:6763],62,no,1.882480576,0.806943563,2.939503508,3.751428468,1.573575116,2.996587619
629.8151207,2.339723655,0.703392969,3.326339272,0.000879948,0.008538355,ENSG00000172478,MAB21L4,protein_coding,mab-21 like 4 [Source:HGNC Symbol;Acc:HGNC:26216],61,no,2.94528295,3.462295391,-2.834102622,6.006895023,1.548771725,1.786102777
368.581745,2.365339351,0.664099797,3.561722746,0.000368429,0.004202152,ENSG00000166743,ACSM1,protein_coding,acyl-CoA synthetase medium chain family member 1 [Source:HGNC Symbol;Acc:HGNC:18049],60,no,-0.137042496,4.454854967,-1.107802206,4.083605702,4.20752631,1.848142345
403.5398644,2.374988274,0.634272145,3.744430989,0.000180803,0.002360476,ENSG00000196421,C20orf204,protein_coding,chromosome 20 open reading frame 204 [Source:HGNC Symbol;Acc:HGNC:27655],59,no,6.002213239,2.386887989,2.483824025,0.349070103,3.541456341,-0.046364526
819.9667868,2.423506135,0.545061821,4.446295895,8.74E-06,0.000186028,ENSG00000102287,GABRE,protein_coding,gamma-aminobutyric acid type A receptor epsilon subunit [Source:HGNC Symbol;Acc:HGNC:4085],58,no,2.692945128,0.488631403,4.848569568,0.555780902,3.804284626,2.238088863
97.67055793,2.438032771,0.509584914,4.784350368,1.72E-06,4.63E-05,ENSG00000134253,TRIM45,protein_coding,tripartite motif containing 45 [Source:HGNC Symbol;Acc:HGNC:19018],57,no,1.576704762,1.297532095,3.545391848,3.7991816,1.658108626,2.784577216
311.9421181,2.449639636,0.48440406,5.057017144,4.26E-07,1.41E-05,ENSG00000128165,ADM2,protein_coding,adrenomedullin 2 [Source:HGNC Symbol;Acc:HGNC:28898],56,no,2.745274484,2.079089019,3.628925561,0.840309749,4.160908521,1.362715518
623.9437884,2.472743556,0.684461371,3.612685333,0.000303042,0.003588197,ENSG00000162366,PDZK1IP1,protein_coding,PDZK1 interacting protein 1 [Source:HGNC Symbol;Acc:HGNC:16887],55,no,-0.622096582,2.424820686,-1.178191534,5.063098658,3.580602383,4.450685506
265.6893459,2.478440502,0.491537496,5.042220633,4.60E-07,1.51E-05,ENSG00000180061,TMEM150B,protein_coding,transmembrane protein 150B [Source:HGNC Symbol;Acc:HGNC:34415],54,no,0.593965161,3.427095492,1.823310491,4.159513207,2.911980256,1.862700441
356.6072295,2.482419004,0.596787097,4.159639201,3.19E-05,0.000543733,ENSG00000146215,CRIP3,protein_coding,cysteine rich protein 3 [Source:HGNC Symbol;Acc:HGNC:17751],53,no,1.105125062,4.404375415,2.915267684,4.899852401,1.809589308,-0.276484309
369.3118056,2.486724493,0.700322002,3.550830168,0.000384018,0.004354356,ENSG00000156510,HKDC1,protein_coding,hexokinase domain containing 1 [Source:HGNC Symbol;Acc:HGNC:23302],52,no,4.027713561,-1.185676907,3.485925547,3.431592752,4.539359401,-1.352983231
61.4407704,2.493864232,0.740999429,3.365541368,0.000763936,0.007596784,ENSG00000183763,TRAIP,protein_coding,TRAF interacting protein [Source:HGNC Symbol;Acc:HGNC:30764],51,no,-1.839688017,0.531836325,3.977638637,3.737489277,4.033006735,3.068663324
135.9590483,2.494627389,0.621099538,4.016469559,5.91E-05,0.000919804,ENSG00000171848,RRM2,protein_coding,ribonucleotide reductase regulatory subunit M2 [Source:HGNC Symbol;Acc:HGNC:10452],50,no,0.594266696,0.136251188,1.846394104,3.418559511,4.488458502,4.480089569
173.9119389,2.495780278,0.559337543,4.462028894,8.12E-06,0.000176015,ENSG00000135451,TROAP,protein_coding,trophinin associated protein [Source:HGNC Symbol;Acc:HGNC:12327],49,no,-0.325114844,1.181339078,3.469901648,3.190540103,2.670436655,4.040970309
98.79781708,2.496356012,0.674902563,3.698839135,0.000216588,0.002758074,ENSG00000186868,MAPT,protein_coding,microtubule associated protein tau [Source:HGNC Symbol;Acc:HGNC:6893],48,no,2.56970292,3.528906994,-1.403904314,3.799926986,4.564529976,0.976222159
149.3996746,2.52265121,0.637431749,3.957523631,7.57E-05,0.001131443,ENSG00000122952,ZWINT,protein_coding,ZW10 interacting kinetochore protein [Source:HGNC Symbol;Acc:HGNC:13195],47,no,-0.344480169,0.84292286,3.376397317,2.579994845,3.143430724,5.569100063
157.0518836,2.529231843,0.429178052,5.893199416,3.79E-09,2.55E-07,ENSG00000087586,AURKA,protein_coding,aurora kinase A [Source:HGNC Symbol;Acc:HGNC:11393],46,no,1.196837859,2.322694927,3.277198919,2.628719682,2.458097899,3.269244264
102.6626101,2.535839975,0.602425304,4.209384898,2.56E-05,0.000450161,ENSG00000161800,RACGAP1,protein_coding,Rac GTPase activating protein 1 [Source:HGNC Symbol;Acc:HGNC:9804],45,no,1.487025141,1.073730103,1.056741184,4.69484494,2.773247461,4.629200523
152.7046903,2.543715612,0.640752322,3.969889029,7.19E-05,0.001084741,ENSG00000167513,CDT1,protein_coding,chromatin licensing and DNA replication factor 1 [Source:HGNC Symbol;Acc:HGNC:24576],44,no,-0.799046032,1.257960359,2.388750433,2.834731115,4.070229199,5.238681955
43.22967171,2.583080092,0.749059201,3.448432498,0.00056385,0.005921955,ENSG00000081181,ARG2,protein_coding,arginase 2 [Source:HGNC Symbol;Acc:HGNC:664],43,no,3.889898047,-0.10816754,2.7394789,0.365303661,3.328462618,5.316590837
135.9393109,2.583945976,0.601937942,4.29271158,1.77E-05,0.000333724,ENSG00000099953,MMP11,protein_coding,matrix metallopeptidase 11 [Source:HGNC Symbol;Acc:HGNC:7157],42,no,1.899202455,-0.12881185,2.261431603,3.78569837,2.758450459,4.716379509
93.73481665,2.58503964,0.566846623,4.560386421,5.11E-06,0.000118475,ENSG00000130829,DUSP9,protein_coding,dual specificity phosphatase 9 [Source:HGNC Symbol;Acc:HGNC:3076],41,no,2.872824534,1.875712795,1.28415168,2.151966398,6.077400854,2.468208647
159.2292391,2.589538902,0.513301805,5.04486615,4.54E-07,1.50E-05,ENSG00000164611,PTTG1,protein_coding,pituitary tumor-transforming 1 [Source:HGNC Symbol;Acc:HGNC:9690],40,no,1.225900325,1.19356538,2.785807951,2.336390969,4.387356307,3.765307691
87.05755812,2.595622977,0.58138109,4.464581017,8.02E-06,0.000174418,ENSG00000114346,ECT2,protein_coding,epithelial cell transforming 2 [Source:HGNC Symbol;Acc:HGNC:3155],39,no,3.907545913,0.061044844,1.549233914,3.366893057,3.145598561,3.360023922
258.9753446,2.599269159,0.518589905,5.012186191,5.38E-07,1.71E-05,ENSG00000088325,TPX2,protein_coding,"TPX2, microtubule nucleation factor [Source:HGNC Symbol;Acc:HGNC:1249]",38,no,-0.02965896,1.798010438,3.682345669,2.552240545,3.436522364,3.702514808
161.1962258,2.604130878,0.552472585,4.713592947,2.43E-06,6.33E-05,ENSG00000089685,BIRC5,protein_coding,baculoviral IAP repeat containing 5 [Source:HGNC Symbol;Acc:HGNC:593],37,no,0.881336034,0.951333472,2.360967277,3.054452606,3.813889445,4.585334049
127.5563649,2.621869894,0.535730096,4.894012699,9.88E-07,2.89E-05,ENSG00000008735,MAPK8IP2,protein_coding,mitogen-activated protein kinase 8 interacting protein 2 [Source:HGNC Symbol;Acc:HGNC:6883],36,no,1.541618625,3.475851715,0.4984708,3.142303917,2.664569648,4.248895618
75.49980554,2.627614938,0.611318484,4.298274968,1.72E-05,0.000326428,ENSG00000140525,FANCI,protein_coding,FA complementation group I [Source:HGNC Symbol;Acc:HGNC:25568],35,no,1.740974347,0.660102174,4.23168426,1.362574901,4.147222303,3.864220553
71.53784721,2.637806152,0.605789798,4.354325805,1.33E-05,0.000261231,ENSG00000112039,FANCE,protein_coding,FA complementation group E [Source:HGNC Symbol;Acc:HGNC:3586],34,no,0.522882063,1.736139608,3.945929777,2.810322157,2.328462618,4.636900048
101.4582063,2.685019835,0.490828469,5.470383251,4.49E-08,2.12E-06,ENSG00000151725,CENPU,protein_coding,centromere protein U [Source:HGNC Symbol;Acc:HGNC:21348],33,no,1.037455236,2.475400379,2.348674001,3.675479615,3.149492477,3.508486658
392.8717381,2.697238399,0.464089805,5.811888932,6.18E-09,3.88E-07,ENSG00000112186,CAP2,protein_coding,cyclase associated actin cytoskeleton regulatory protein 2 [Source:HGNC Symbol;Acc:HGNC:20039],32,no,0.37734122,3.432691678,2.878285826,2.285454004,3.57614906,3.311395675
149.7760238,2.729064589,0.584657309,4.667802057,3.04E-06,7.62E-05,ENSG00000145386,CCNA2,protein_coding,cyclin A2 [Source:HGNC Symbol;Acc:HGNC:1578],31,no,1.198447112,0.859410983,5.341858454,2.234210574,3.08281029,3.862133529
132.2071237,2.761285731,0.712375761,3.876164633,0.000106116,0.001518191,ENSG00000168135,KCNJ4,protein_coding,potassium voltage-gated channel subfamily J member 4 [Source:HGNC Symbol;Acc:HGNC:6265],30,no,2.318741346,3.126197523,0.922846164,5.987626689,5.158537617,-0.706647118
176.4435594,2.76757433,0.533088738,5.191582814,2.09E-07,7.82E-06,ENSG00000101447,FAM83D,protein_coding,family with sequence similarity 83 member D [Source:HGNC Symbol;Acc:HGNC:16122],29,no,1.337850169,1.444373483,2.624001683,3.596780654,2.802393806,4.916457345
37.67522702,2.852951317,0.649757008,4.390797303,1.13E-05,0.000229764,ENSG00000186564,FOXD2,protein_coding,forkhead box D2 [Source:HGNC Symbol;Acc:HGNC:3803],28,no,4.549354274,2.181339078,0.832588304,3.172004151,2.895503211,3.593045759
212.069906,2.855768099,0.560511283,5.094934186,3.49E-07,1.20E-05,ENSG00000137310,TCF19,protein_coding,transcription factor 19 [Source:HGNC Symbol;Acc:HGNC:11629],27,no,-0.058010774,2.244348875,3.238711527,4.905857133,2.605996594,3.882123704
1039.870552,2.903620208,0.482195618,6.021664442,1.73E-09,1.32E-07,ENSG00000104549,SQLE,protein_coding,squalene epoxidase [Source:HGNC Symbol;Acc:HGNC:11279],26,yes,4.381477101,2.561847511,1.092337408,1.627360914,4.350157689,3.405338856
110.0833295,2.911809339,0.597494455,4.873366296,1.10E-06,3.15E-05,ENSG00000237649,KIFC1,protein_coding,kinesin family member C1 [Source:HGNC Symbol;Acc:HGNC:6389],25,no,-0.155189842,3.614298485,3.44013749,1.765234268,4.25807329,3.944986423
175.274928,2.927710249,0.445863819,6.56637772,5.16E-11,5.93E-09,ENSG00000148773,MKI67,protein_coding,marker of proliferation Ki-67 [Source:HGNC Symbol;Acc:HGNC:7107],24,yes,1.592422996,2.26253516,2.704172031,3.580809697,3.292758556,3.992663857
145.1027261,2.93009026,0.518182737,5.65455012,1.56E-08,8.45E-07,ENSG00000160298,C21orf58,protein_coding,chromosome 21 open reading frame 58 [Source:HGNC Symbol;Acc:HGNC:1300],23,yes,1.366762861,2.490667136,4.91145756,3.805876252,1.916982938,3.131173659
1463.583102,2.940840563,0.532050558,5.527370504,3.25E-08,1.63E-06,ENSG00000130821,SLC6A8,protein_coding,solute carrier family 6 member 8 [Source:HGNC Symbol;Acc:HGNC:11055],22,yes,3.222185609,2.708068313,1.405167081,6.166153409,3.235353214,1.542457662
67.92522072,2.950580307,0.838252558,3.519918049,0.00043168,0.004759212,ENSG00000198826,ARHGAP11A,protein_coding,Rho GTPase activating protein 11A [Source:HGNC Symbol;Acc:HGNC:15783],21,no,-2.784546462,1.237922606,2.134798165,5.530769014,5.845038144,4.309833471
3205.501807,2.982080583,0.737681705,4.042503106,5.29E-05,0.000839379,ENSG00000147257,GPC3,protein_coding,glypican 3 [Source:HGNC Symbol;Acc:HGNC:4451],20,no,7.730005682,1.461219155,1.979799978,3.281534185,-1.458133744,5.392153834
139.5750868,2.983755707,0.497440652,5.998214448,1.99E-09,1.48E-07,ENSG00000170312,CDK1,protein_coding,cyclin dependent kinase 1 [Source:HGNC Symbol;Acc:HGNC:1722],19,yes,1.725511229,1.652481679,3.174554152,3.081510695,4.085892315,4.161264543
84.25356824,3.026571079,0.590355672,5.126690943,2.95E-07,1.04E-05,ENSG00000011426,ANLN,protein_coding,anillin actin binding protein [Source:HGNC Symbol;Acc:HGNC:14082],18,no,0.302916379,2.251728405,2.854956117,4.250661095,3.88305147,4.185621443
44.55936067,3.138574033,0.731720913,4.289304813,1.79E-05,0.00033806,ENSG00000118193,KIF14,protein_coding,kinesin family member 14 [Source:HGNC Symbol;Acc:HGNC:19181],17,no,0.996813251,4.351264079,2.065511393,4.957879346,1.564529976,5.47719743
101.323339,3.153634936,0.559427428,5.637254764,1.73E-08,9.22E-07,ENSG00000134690,CDCA8,protein_coding,cell division cycle associated 8 [Source:HGNC Symbol;Acc:HGNC:14629],16,yes,1.739015494,1.873216782,2.334495065,4.215177382,5.104956576,3.839231291
170.7016122,3.244499779,0.802137144,4.044819271,5.24E-05,0.000833681,ENSG00000241186,TDGF1,protein_coding,teratocarcinoma-derived growth factor 1 [Source:HGNC Symbol;Acc:HGNC:11701],15,no,-0.517759922,3.941560024,5.154516399,5.762286984,4.178437174,-2.272873056
62.66617404,3.304409787,0.764988843,4.319552913,1.56E-05,0.000299624,ENSG00000123485,HJURP,protein_coding,Holliday junction recognition protein [Source:HGNC Symbol;Acc:HGNC:25444],14,no,0.674885156,1.508503821,3.047031973,2.848944974,5.906730466,7.714675203
495.4841039,3.315088745,0.748215564,4.430659966,9.39E-06,0.000197336,ENSG00000147889,CDKN2A,protein_coding,cyclin dependent kinase inhibitor 2A [Source:HGNC Symbol;Acc:HGNC:1787],13,no,-0.501271799,-0.506716916,6.876667115,4.739923179,2.937271861,5.224599113
300.9130047,3.357446279,0.646879722,5.190217226,2.10E-07,7.86E-06,ENSG00000101057,MYBL2,protein_coding,MYB proto-oncogene like 2 [Source:HGNC Symbol;Acc:HGNC:7548],12,no,-0.235847506,1.005088438,4.092150518,4.721054819,4.275995198,5.236376281
3266.74954,3.409099249,0.794892394,4.288755654,1.80E-05,0.000338486,ENSG00000198074,AKR1B10,protein_coding,aldo-keto reductase family 1 member B10 [Source:HGNC Symbol;Acc:HGNC:382],11,yes,2.426346767,4.34149325,3.8244051,2.964733017,10.15233529,-2.125315868
57.22328387,3.434704014,0.552057503,6.22164176,4.92E-10,4.31E-08,ENSG00000117650,NEK2,protein_coding,NIMA related kinase 2 [Source:HGNC Symbol;Acc:HGNC:7745],10,yes,2.613484612,2.889158326,4.165571588,3.336390969,3.041180666,4.293942098
105.5712022,3.501282882,0.680023186,5.148769857,2.62E-07,9.49E-06,ENSG00000157456,CCNB2,protein_coding,cyclin B2 [Source:HGNC Symbol;Acc:HGNC:1580],9,yes,1.070813833,1.526835644,2.702004195,5.250661095,6.425324157,5.135119436
72.75243485,3.550734695,0.58364752,6.083697053,1.17E-09,9.25E-08,ENSG00000186185,KIF18B,protein_coding,kinesin family member 18B [Source:HGNC Symbol;Acc:HGNC:27102],8,yes,1.41185075,3.614298485,5.068786525,3.384889487,3.913425119,3.416426105
146.1071376,3.663902645,0.502952365,7.284790568,3.22E-13,5.57E-11,ENSG00000183856,IQGAP3,protein_coding,IQ motif containing GTPase activating protein 3 [Source:HGNC Symbol;Acc:HGNC:20669],7,yes,2.085169126,2.424195601,3.927248356,4.630304688,5.008203344,3.881785189
2270.144782,3.728149864,0.66664931,5.592370396,2.24E-08,1.17E-06,ENSG00000068366,ACSL4,protein_coding,acyl-CoA synthetase long chain family member 4 [Source:HGNC Symbol;Acc:HGNC:3571],6,yes,6.102860684,0.977497053,6.238507049,0.951638406,5.509453042,2.3961901
101.4014549,3.762002644,0.644888984,5.833566304,5.43E-09,3.51E-07,ENSG00000094804,CDC6,protein_coding,cell division cycle 6 [Source:HGNC Symbol;Acc:HGNC:1744],5,yes,2.581775752,2.559850701,7.228863741,1.865818793,4.978716579,4.816335937
234.1204202,3.793554001,0.576404201,6.581412831,4.66E-11,5.44E-09,ENSG00000131747,TOP2A,protein_coding,DNA topoisomerase II alpha [Source:HGNC Symbol;Acc:HGNC:11989],4,yes,1.81238868,2.622710725,5.714604231,6.045342187,2.634975661,4.282580203
92.0101326,3.81820492,0.691784129,5.519358944,3.40E-08,1.70E-06,ENSG00000100162,CENPM,protein_coding,centromere protein M [Source:HGNC Symbol;Acc:HGNC:18352],3,no,0.234312565,2.116798825,4.217842335,4.771110834,5.318408953,5.751712582
1270.37966,3.905973749,0.636157024,6.139952248,8.25E-10,6.89E-08,ENSG00000242265,PEG10,protein_coding,paternally expressed 10 [Source:HGNC Symbol;Acc:HGNC:14005],2,no,0.581775752,5.766301578,4.605331458,0.741745915,5.232466634,4.93310491
210.9290139,3.964620995,0.571549875,6.936614228,4.02E-12,5.72E-10,ENSG00000173702,MUC13,protein_coding,"mucin 13, cell surface associated [Source:HGNC Symbol;Acc:HGNC:7511]",1,yes,4.865871773,0.707407889,4.354080891,4.397502483,5.235353214,3.909024587
